,date,World
0,2020-01-03,0
1,2020-01-04,3
2,2020-01-05,3
3,2020-01-06,6
4,2020-01-07,6
5,2020-01-08,6
6,2020-01-09,7
7,2020-01-10,7
8,2020-01-11,8
9,2020-01-12,50
10,2020-01-13,51
11,2020-01-14,57
12,2020-01-15,57
13,2020-01-16,57
14,2020-01-17,58
15,2020-01-18,62
16,2020-01-19,139
17,2020-01-20,218
18,2020-01-21,311
19,2020-01-22,459
20,2020-01-23,590
21,2020-01-24,865
22,2020-01-25,1338
23,2020-01-26,2035
24,2020-01-27,2825
25,2020-01-28,4600
26,2020-01-29,6089
27,2020-01-30,7845
28,2020-01-31,9858
29,2020-02-01,11970
30,2020-02-02,14575
31,2020-02-03,17411
32,2020-02-04,20666
33,2020-02-05,24600
34,2020-02-06,28318
35,2020-02-07,31474
36,2020-02-08,34879
37,2020-02-09,37541
38,2020-02-10,40535
39,2020-02-11,43019
40,2020-02-12,45054
41,2020-02-13,60214
42,2020-02-14,64290
43,2020-02-15,66949
44,2020-02-16,68986
45,2020-02-17,71045
46,2020-02-18,72955
47,2020-02-19,74761
48,2020-02-20,75188
49,2020-02-21,76209
50,2020-02-22,77273
51,2020-02-23,78248
52,2020-02-24,78777
53,2020-02-25,79616
54,2020-02-26,80473
55,2020-02-27,81555
56,2020-02-28,82929
57,2020-02-29,84695
58,2020-03-01,86494
59,2020-03-02,88160
60,2020-03-03,90475
61,2020-03-04,93456
62,2020-03-05,95959
63,2020-03-06,99606
64,2020-03-07,103287
65,2020-03-08,107009
66,2020-03-09,110919
67,2020-03-10,116021
68,2020-03-11,121837
69,2020-03-12,130017
70,2020-03-13,140171
71,2020-03-14,152212
72,2020-03-15,165498
73,2020-03-16,178360
74,2020-03-17,194947
75,2020-03-18,214545
76,2020-03-19,238584
77,2020-03-20,267422
78,2020-03-21,300238
79,2020-03-22,336253
80,2020-03-23,369934
81,2020-03-24,410990
82,2020-03-25,458546
83,2020-03-26,509917
84,2020-03-27,570428
85,2020-03-28,637396
86,2020-03-29,704094
87,2020-03-30,762376
88,2020-03-31,826493
89,2020-04-01,894328
90,2020-04-02,967907
91,2020-04-03,1044894
92,2020-04-04,1125818
93,2020-04-05,1203810
94,2020-04-06,1274886
95,2020-04-07,1342438
96,2020-04-08,1418797
97,2020-04-09,1498970
98,2020-04-10,1586189
99,2020-04-11,1674040
100,2020-04-12,1756903
101,2020-04-13,1830075
102,2020-04-14,1896562
103,2020-04-15,1967180
104,2020-04-16,2042010
105,2020-04-17,2121267
106,2020-04-18,2204704
107,2020-04-19,2286935
108,2020-04-20,2359519
109,2020-04-21,2431127
110,2020-04-22,2506237
111,2020-04-23,2581846
112,2020-04-24,2663048
113,2020-04-25,2760094
114,2020-04-26,2843624
115,2020-04-27,2923489
116,2020-04-28,2992864
117,2020-04-29,3063696
118,2020-04-30,3140857
119,2020-05-01,3223008
120,2020-05-02,3311883
121,2020-05-03,3399941
122,2020-05-04,3479180
123,2020-05-05,3558452
124,2020-05-06,3636469
125,2020-05-07,3719249
126,2020-05-08,3800234
127,2020-05-09,3900543
128,2020-05-10,3992910
129,2020-05-11,4079723
130,2020-05-12,4152196
131,2020-05-13,4233485
132,2020-05-14,4319585
133,2020-05-15,4406322
134,2020-05-16,4509027
135,2020-05-17,4608074
136,2020-05-18,4704901
137,2020-05-19,4784764
138,2020-05-20,4878117
139,2020-05-21,4983041
140,2020-05-22,5089752
141,2020-05-23,5197868
142,2020-05-24,5305053
143,2020-05-25,5402060
144,2020-05-26,5494925
145,2020-05-27,5584453
146,2020-05-28,5684859
147,2020-05-29,5793743
148,2020-05-30,5913818
149,2020-05-31,6035632
150,2020-06-01,6162980
151,2020-06-02,6272545
152,2020-06-03,6371644
153,2020-06-04,6496626
154,2020-06-05,6623272
155,2020-06-06,6750603
156,2020-06-07,6883319
157,2020-06-08,7008895
158,2020-06-09,7118175
159,2020-06-10,7228670
160,2020-06-11,7360775
161,2020-06-12,7501776
162,2020-06-13,7644381
163,2020-06-14,7789086
164,2020-06-15,7920737
165,2020-06-16,8038418
166,2020-06-17,8164537
167,2020-06-18,8346541
168,2020-06-19,8494290
169,2020-06-20,8640166
170,2020-06-21,8821586
171,2020-06-22,8976170
172,2020-06-23,9106366
173,2020-06-24,9247568
174,2020-06-25,9421568
175,2020-06-26,9600545
176,2020-06-27,9787455
177,2020-06-28,9982454
178,2020-06-29,10161039
179,2020-06-30,10318686
180,2020-07-01,10490762
181,2020-07-02,10676416
182,2020-07-03,10888371
183,2020-07-04,11102491
184,2020-07-05,11317550
185,2020-07-06,11509046
186,2020-07-07,11676645
187,2020-07-08,11854307
188,2020-07-09,12070382
189,2020-07-10,12297520
190,2020-07-11,12521162
191,2020-07-12,12755994
192,2020-07-13,12976086
193,2020-07-14,13170787
194,2020-07-15,13365886
195,2020-07-16,13599820
196,2020-07-17,13846495
197,2020-07-18,14094423
198,2020-07-19,14342491
199,2020-07-20,14574081
200,2020-07-21,14780393
201,2020-07-22,14992510
202,2020-07-23,15244074
203,2020-07-24,15535856
204,2020-07-25,15820384
205,2020-07-26,16095962
206,2020-07-27,16349802
207,2020-07-28,16566677
208,2020-07-29,16797451
209,2020-07-30,17061244
210,2020-07-31,17363526
211,2020-08-01,17655195
212,2020-08-02,17941561
213,2020-08-03,18199279
214,2020-08-04,18424685
215,2020-08-05,18646764
216,2020-08-06,18922031
217,2020-08-07,19215095
218,2020-08-08,19497884
219,2020-08-09,19788258
220,2020-08-10,20051807
221,2020-08-11,20274122
222,2020-08-12,20507394
223,2020-08-13,20803398
224,2020-08-14,21095534
225,2020-08-15,21393374
226,2020-08-16,21681360
227,2020-08-17,21936293
228,2020-08-18,22159832
229,2020-08-19,22396069
230,2020-08-20,22680170
231,2020-08-21,22968702
232,2020-08-22,23247711
233,2020-08-23,23511472
234,2020-08-24,23773747
235,2020-08-25,23999534
236,2020-08-26,24235749
237,2020-08-27,24526134
238,2020-08-28,24817356
239,2020-08-29,25102557
240,2020-08-30,25391218
241,2020-08-31,25667914
242,2020-09-01,25896476
243,2020-09-02,26173102
244,2020-09-03,26465499
245,2020-09-04,26764198
246,2020-09-05,27060729
247,2020-09-06,27379806
248,2020-09-07,27651845
249,2020-09-08,27888368
250,2020-09-09,28134598
251,2020-09-10,28410725
252,2020-09-11,28713007
253,2020-09-12,29017961
254,2020-09-13,29339001
255,2020-09-14,29631232
256,2020-09-15,29887030
257,2020-09-16,30163144
258,2020-09-17,30477174
259,2020-09-18,30798113
260,2020-09-19,31109782
261,2020-09-20,31439599
262,2020-09-21,31733938
263,2020-09-22,31986134
264,2020-09-23,32268822
265,2020-09-24,32595175
266,2020-09-25,32910920
267,2020-09-26,33222451
268,2020-09-27,33545054
269,2020-09-28,33836924
270,2020-09-29,34090264
271,2020-09-30,34376913
272,2020-10-01,34707679
273,2020-10-02,35037910
274,2020-10-03,35357161
275,2020-10-04,35691330
276,2020-10-05,36000046
277,2020-10-06,36271255
278,2020-10-07,36588616
279,2020-10-08,36966044
280,2020-10-09,37322095
281,2020-10-10,37683128
282,2020-10-11,38064545
283,2020-10-12,38401579
284,2020-10-13,38711840
285,2020-10-14,39063179
286,2020-10-15,39448338
287,2020-10-16,39847473
288,2020-10-17,40244019
289,2020-10-18,40674979
290,2020-10-19,41058806
291,2020-10-20,41411171
292,2020-10-21,41850368
293,2020-10-22,42333281
294,2020-10-23,42808168
295,2020-10-24,43270983
296,2020-10-25,43790478
297,2020-10-26,44248211
298,2020-10-27,44658438
299,2020-10-28,45163372
300,2020-10-29,45709837
301,2020-10-30,46244791
302,2020-10-31,46762958
303,2020-11-01,47328618
304,2020-11-02,47819915
305,2020-11-03,48328968
306,2020-11-04,48855120
307,2020-11-05,49426950
308,2020-11-06,50004600
309,2020-11-07,50578747
310,2020-11-08,51172880
311,2020-11-09,51702352
312,2020-11-10,52153628
313,2020-11-11,52722997
314,2020-11-12,53340028
315,2020-11-13,53973616
316,2020-11-14,54590579
317,2020-11-15,55211781
318,2020-11-16,55759416
319,2020-11-17,56246058
320,2020-11-18,56801526
321,2020-11-19,57431192
322,2020-11-20,58058436
323,2020-11-21,58688513
324,2020-11-22,59315911
325,2020-11-23,59858393
326,2020-11-24,60344424
327,2020-11-25,60900801
328,2020-11-26,61510060
329,2020-11-27,62171218
330,2020-11-28,62758255
331,2020-11-29,63345665
332,2020-11-30,63871491
333,2020-12-01,64360286
334,2020-12-02,64911913
335,2020-12-03,65560572
336,2020-12-04,66231316
337,2020-12-05,66896024
338,2020-12-06,67551581
339,2020-12-07,68124171
340,2020-12-08,68646955
341,2020-12-09,69232550
342,2020-12-10,69913627
343,2020-12-11,70596784
344,2020-12-12,71257730
345,2020-12-13,71946626
346,2020-12-14,72535327
347,2020-12-15,73063663
348,2020-12-16,73688115
349,2020-12-17,74358106
350,2020-12-18,75092079
351,2020-12-19,75814085
352,2020-12-20,76496034
353,2020-12-21,77082833
354,2020-12-22,77626851
355,2020-12-23,78236207
356,2020-12-24,78907079
357,2020-12-25,79579063
358,2020-12-26,80177703
359,2020-12-27,80636741
360,2020-12-28,81097321
361,2020-12-29,81600128
362,2020-12-30,82197601
363,2020-12-31,82933536
364,2021-01-01,83676543
365,2021-01-02,84325225
366,2021-01-03,84880239
367,2021-01-04,85456171
368,2021-01-05,86038587
369,2021-01-06,86702198
370,2021-01-07,87500057
371,2021-01-08,88273482
372,2021-01-09,89076521
373,2021-01-10,89863537
374,2021-01-11,90544794
375,2021-01-12,91150383
376,2021-01-13,91815859
377,2021-01-14,92552476
378,2021-01-15,93277861
379,2021-01-16,93983312
380,2021-01-17,94707386
381,2021-01-18,95313486
382,2021-01-19,95850249
383,2021-01-20,96419635
384,2021-01-21,97051835
385,2021-01-22,97706800
386,2021-01-23,98322582
387,2021-01-24,98943062
388,2021-01-25,99470231
389,2021-01-26,99911513
390,2021-01-27,100426422
391,2021-01-28,101011002
392,2021-01-29,101595889
393,2021-01-30,102144640
394,2021-01-31,102696441
395,2021-02-01,103159668
396,2021-02-02,103544071
397,2021-02-03,103990378
398,2021-02-04,104490166
399,2021-02-05,104963673
400,2021-02-06,105429175
401,2021-02-07,105882768
402,2021-02-08,106270422
403,2021-02-09,106604215
404,2021-02-10,106966166
405,2021-02-11,107383034
406,2021-02-12,107809527
407,2021-02-13,108218106
408,2021-02-14,108610584
409,2021-02-15,108942424
410,2021-02-16,109238580
411,2021-02-17,109579039
412,2021-02-18,109956786
413,2021-02-19,110340455
414,2021-02-20,110711790
415,2021-02-21,111089463
416,2021-02-22,111434949
417,2021-02-23,111742850
418,2021-02-24,112093959
419,2021-02-25,112519631
420,2021-02-26,112940622
421,2021-02-27,113348618
422,2021-02-28,113748831
423,2021-03-01,114106131
424,2021-03-02,114418585
425,2021-03-03,114785599
426,2021-03-04,115208728
427,2021-03-05,115640508
428,2021-03-06,116060212
429,2021-03-07,116486206
430,2021-03-08,116854011
431,2021-03-09,117222329
432,2021-03-10,117596452
433,2021-03-11,118054199
434,2021-03-12,118524335
435,2021-03-13,118982874
436,2021-03-14,119456867
437,2021-03-15,119866403
438,2021-03-16,120241990
439,2021-03-17,120669239
440,2021-03-18,121204682
441,2021-03-19,121741725
442,2021-03-20,122265408
443,2021-03-21,122797673
444,2021-03-22,123279296
445,2021-03-23,123719916
446,2021-03-24,124223848
447,2021-03-25,124821800
448,2021-03-26,125436911
449,2021-03-27,126026203
450,2021-03-28,126627690
451,2021-03-29,127173321
452,2021-03-30,127659311
453,2021-03-31,128198536
454,2021-04-01,128844748
455,2021-04-02,129495465
456,2021-04-03,130130704
457,2021-04-04,130700531
458,2021-04-05,131261512
459,2021-04-06,131762557
460,2021-04-07,132336282
461,2021-04-08,133066170
462,2021-04-09,133819642
463,2021-04-10,134545046
464,2021-04-11,135290597
465,2021-04-12,135972548
466,2021-04-13,136593105
467,2021-04-14,137297621
468,2021-04-15,138106208
469,2021-04-16,138907181
470,2021-04-17,139695715
471,2021-04-18,140517129
472,2021-04-19,141293542
473,2021-04-20,142001187
474,2021-04-21,142766034
475,2021-04-22,143651640
476,2021-04-23,144539476
477,2021-04-24,145369220
478,2021-04-25,146210196
479,2021-04-26,147002745
480,2021-04-27,147707560
481,2021-04-28,148475097
482,2021-04-29,149354148
483,2021-04-30,150221155
484,2021-05-01,151065200
485,2021-05-02,151889722
486,2021-05-03,152647189
487,2021-05-04,153331126
488,2021-05-05,154067002
489,2021-05-06,154909820
490,2021-05-07,155744575
491,2021-05-08,156550830
492,2021-05-09,157356006
493,2021-05-10,158072509
494,2021-05-11,158719092
495,2021-05-12,159364988
496,2021-05-13,160120316
497,2021-05-14,160841576
498,2021-05-15,161518390
499,2021-05-16,162182313
500,2021-05-17,162804870
501,2021-05-18,163359824
502,2021-05-19,163931424
503,2021-05-20,164579381
504,2021-05-21,165211871
505,2021-05-22,165837484
506,2021-05-23,166409893
507,2021-05-24,166938087
508,2021-05-25,167382689
509,2021-05-26,167865913
510,2021-05-27,168435868
511,2021-05-28,168990087
512,2021-05-29,169499797
513,2021-05-30,169959170
514,2021-05-31,170423862
515,2021-06-01,170808901
516,2021-06-02,171209491
517,2021-06-03,171671109
518,2021-06-04,172150631
519,2021-06-05,172593340
520,2021-06-06,172974463
521,2021-06-07,173357731
522,2021-06-08,173681295
523,2021-06-09,174028290
524,2021-06-10,174410765
525,2021-06-11,174836779
526,2021-06-12,175242707
527,2021-06-13,175630128
528,2021-06-14,175996191
529,2021-06-15,176302686
530,2021-06-16,176620444
531,2021-06-17,177006937
532,2021-06-18,177415863
533,2021-06-19,177795870
534,2021-06-20,178174473
535,2021-06-21,178522784
536,2021-06-22,178830206
537,2021-06-23,179155536
538,2021-06-24,179570180
539,2021-06-25,180010931
540,2021-06-26,180409982
541,2021-06-27,180801480
542,2021-06-28,181174298
543,2021-06-29,181500138
544,2021-06-30,181857669
545,2021-07-01,182280805
546,2021-07-02,182690526
547,2021-07-03,183125141
548,2021-07-04,183544805
549,2021-07-05,183936051
550,2021-07-06,184287552
551,2021-07-07,184691046
552,2021-07-08,185179570
553,2021-07-09,185673138
554,2021-07-10,186316588
555,2021-07-11,186792512
556,2021-07-12,187238064
557,2021-07-13,187647921
558,2021-07-14,188138839
559,2021-07-15,188690468
560,2021-07-16,189265465
561,2021-07-17,189838141
562,2021-07-18,190378805
563,2021-07-19,190854840
564,2021-07-20,191297196
565,2021-07-21,191814872
566,2021-07-22,192361493
567,2021-07-23,192934060
568,2021-07-24,193519148
569,2021-07-25,194141678
570,2021-07-26,194639830
571,2021-07-27,195105670
572,2021-07-28,195705816
573,2021-07-29,196364427
574,2021-07-30,197025549
575,2021-07-31,197666408
576,2021-08-01,198281601
577,2021-08-02,198826731
578,2021-08-03,199331657
579,2021-08-04,199956771
580,2021-08-05,200633880
581,2021-08-06,201361137
582,2021-08-07,202047415
583,2021-08-08,202698789
584,2021-08-09,203295698
585,2021-08-10,203821401
586,2021-08-11,204438931
587,2021-08-12,205136976
588,2021-08-13,205847028
589,2021-08-14,206561379
590,2021-08-15,207212950
591,2021-08-16,207802976
592,2021-08-17,208346201
593,2021-08-18,208973644
594,2021-08-19,209709600
595,2021-08-20,210439762
596,2021-08-21,211147265
597,2021-08-22,211803223
598,2021-08-23,212375400
599,2021-08-24,212922410
600,2021-08-25,213568375
601,2021-08-26,214285781
602,2021-08-27,215002860
603,2021-08-28,215718108
604,2021-08-29,216379935
605,2021-08-30,216951949
606,2021-08-31,217467641
607,2021-09-01,218075079
608,2021-09-02,218766930
609,2021-09-03,219462299
610,2021-09-04,220134759
611,2021-09-05,220748674
612,2021-09-06,221279090
613,2021-09-07,221779976
614,2021-09-08,222340456
615,2021-09-09,222908616
616,2021-09-10,223507967
617,2021-09-11,224126681
618,2021-09-12,224690287
619,2021-09-13,225183938
620,2021-09-14,225643762
621,2021-09-15,226161085
622,2021-09-16,226728641
623,2021-09-17,227285625
624,2021-09-18,227862915
625,2021-09-19,228382711
626,2021-09-20,228962728
627,2021-09-21,229386905
628,2021-09-22,229863172
629,2021-09-23,230372944
630,2021-09-24,230907310
631,2021-09-25,231424663
632,2021-09-26,231896558
633,2021-09-27,232296907
634,2021-09-28,232673708
635,2021-09-29,233133486
636,2021-09-30,233614767
637,2021-10-01,234102869
638,2021-10-02,234588732
639,2021-10-03,235023495
640,2021-10-04,235379101
641,2021-10-05,235731090
642,2021-10-06,236166513
643,2021-10-07,236630564
644,2021-10-08,237102682
645,2021-10-09,237557595
646,2021-10-10,237978707
647,2021-10-11,238329634
648,2021-10-12,238672156
649,2021-10-13,239102286
650,2021-10-14,239549822
651,2021-10-15,239994319
652,2021-10-16,240446177
653,2021-10-17,240863147
654,2021-10-18,241206556
655,2021-10-19,241558423
656,2021-10-20,242011894
657,2021-10-21,242482948
658,2021-10-22,242950629
659,2021-10-23,243433488
660,2021-10-24,243855239
661,2021-10-25,244195458
662,2021-10-26,244528554
663,2021-10-27,245006423
664,2021-10-28,245519882
665,2021-10-29,246007288
666,2021-10-30,246511345
667,2021-10-31,246976648
668,2021-11-01,247320441
669,2021-11-02,247661282
670,2021-11-03,248153975
671,2021-11-04,248659912
672,2021-11-05,249176419
673,2021-11-06,249683467
674,2021-11-07,250148131
675,2021-11-08,250512821
676,2021-11-09,250892317
677,2021-11-10,251463467
678,2021-11-11,252017697
679,2021-11-12,252568778
680,2021-11-13,253072496
681,2021-11-14,253595912
682,2021-11-15,254014977
683,2021-11-16,254418175
684,2021-11-17,255049326
685,2021-11-18,255652490
686,2021-11-19,256262675
687,2021-11-20,256880893
688,2021-11-21,257430396
689,2021-11-22,257862273
690,2021-11-23,258297883
691,2021-11-24,259033189
692,2021-11-25,259684521
693,2021-11-26,260346462
694,2021-11-27,260929272
695,2021-11-28,261468687
696,2021-11-29,261920819
697,2021-11-30,262374377
698,2021-12-01,263024621
699,2021-12-02,263716014
700,2021-12-03,264415150
701,2021-12-04,265101288
702,2021-12-05,265732583
703,2021-12-06,266208144
704,2021-12-07,266662090
705,2021-12-08,267399128
706,2021-12-09,268099919
707,2021-12-10,268775602
708,2021-12-11,269439760
709,2021-12-12,270049336
710,2021-12-13,270533367
711,2021-12-14,270986870
712,2021-12-15,271758568
713,2021-12-16,272489575
714,2021-12-17,273267430
715,2021-12-18,274015518
716,2021-12-19,274700326
717,2021-12-20,275238679
718,2021-12-21,275778567
719,2021-12-22,276710871
720,2021-12-23,277648755
721,2021-12-24,278666339
722,2021-12-25,279708029
723,2021-12-26,280627131
724,2021-12-27,281216871
725,2021-12-28,282032046
726,2021-12-29,283600599
727,2021-12-30,285240064
728,2021-12-31,287108780
729,2022-01-01,289094667
730,2022-01-02,290764095
731,2022-01-03,291901324
732,2022-01-04,293340054
733,2022-01-05,295984049
734,2022-01-06,298771721
735,2022-01-07,301489439
736,2022-01-08,304119811
737,2022-01-09,306881387
738,2022-01-10,309105335
739,2022-01-11,311134698
740,2022-01-12,314707181
741,2022-01-13,317937006
742,2022-01-14,321178647
743,2022-01-15,324416973
744,2022-01-16,327582594
745,2022-01-17,330066423
746,2022-01-18,332302524
747,2022-01-19,336055264
748,2022-01-20,339837233
749,2022-01-21,343672385
750,2022-01-22,347396371
751,2022-01-23,350892357
752,2022-01-24,353624868
753,2022-01-25,356126035
754,2022-01-26,360184377
755,2022-01-27,363830457
756,2022-01-28,367441620
757,2022-01-29,370955564
758,2022-01-30,374145524
759,2022-01-31,376946983
760,2022-02-01,379205712
761,2022-02-02,382632410
762,2022-02-03,385807790
763,2022-02-04,388833994
764,2022-02-05,391839762
765,2022-02-06,394349187
766,2022-02-07,396417638
767,2022-02-08,398311080
768,2022-02-09,401306711
769,2022-02-10,403947075
770,2022-02-11,406436144
771,2022-02-12,408733842
772,2022-02-13,410675778
773,2022-02-14,412295643
774,2022-02-15,413856774
775,2022-02-16,415954882
776,2022-02-17,418026707
777,2022-02-18,420068986
778,2022-02-19,421944137
779,2022-02-20,423584483
780,2022-02-21,424926055
781,2022-02-22,426264615
782,2022-02-23,428039692
783,2022-02-24,429894590
784,2022-02-25,431610268
785,2022-02-26,433215609
786,2022-02-27,434545095
787,2022-02-28,435802078
788,2022-03-01,437009006
789,2022-03-02,438619021
790,2022-03-03,440248541
791,2022-03-04,441960592
792,2022-03-05,443623277
793,2022-03-06,445108526
794,2022-03-07,446417997
795,2022-03-08,447691447
796,2022-03-09,449506701
797,2022-03-10,451395493
798,2022-03-11,453184696
799,2022-03-12,454962361
800,2022-03-13,456793618
801,2022-03-14,458145766
802,2022-03-15,459671562
803,2022-03-16,461765718
804,2022-03-17,464002126
805,2022-03-18,466063695
806,2022-03-19,467829480
807,2022-03-20,469566497
808,2022-03-21,470744159
809,2022-03-22,472093382
810,2022-03-23,474129870
811,2022-03-24,475946181
812,2022-03-25,477665286
813,2022-03-26,479293710
814,2022-03-27,480701202
815,2022-03-28,481691661
816,2022-03-29,483089036
817,2022-03-30,484838643
818,2022-03-31,486384929
819,2022-04-01,487837766
820,2022-04-02,489146274
821,2022-04-03,490204478
822,2022-04-04,491015974
823,2022-04-05,491910816
824,2022-04-06,493236843
825,2022-04-07,494568225
826,2022-04-08,495744312
827,2022-04-09,496801003
828,2022-04-10,497699934
829,2022-04-11,498355330
830,2022-04-12,499114141
831,2022-04-13,500195692
832,2022-04-14,501151983
833,2022-04-15,502008872
834,2022-04-16,502876195
835,2022-04-17,503525235
836,2022-04-18,504014723
837,2022-04-19,504487388
838,2022-04-20,505153069
839,2022-04-21,506091130
840,2022-04-22,506946136
841,2022-04-23,507663302
842,2022-04-24,508276221
843,2022-04-25,508695390
844,2022-04-26,509169934
845,2022-04-27,509871871
846,2022-04-28,510587524
847,2022-04-29,511245770
848,2022-04-30,511816040
849,2022-05-01,512313473
850,2022-05-02,512673047
851,2022-05-03,513046239
852,2022-05-04,513801118
853,2022-05-05,514399425
854,2022-05-06,514974800
855,2022-05-07,515526811
856,2022-05-08,516021550
857,2022-05-09,516437117
858,2022-05-10,516851200
859,2022-05-11,517514151
860,2022-05-12,518167912
861,2022-05-13,518827279
862,2022-05-14,519365765
863,2022-05-15,519955628
864,2022-05-16,520385552
865,2022-05-17,520772107
866,2022-05-18,521428914
867,2022-05-19,522084477
868,2022-05-20,522709081
869,2022-05-21,523264554
870,2022-05-22,523799712
871,2022-05-23,524197454
872,2022-05-24,524543496
873,2022-05-25,525105792
874,2022-05-26,525693608
875,2022-05-27,526217585
876,2022-05-28,526692302
877,2022-05-29,527260603
878,2022-05-30,527617270
879,2022-05-31,527921890
880,2022-06-01,528403703
881,2022-06-02,529004669
882,2022-06-03,529551252
883,2022-06-04,530053108
884,2022-06-05,530547381
885,2022-06-06,530881439
886,2022-06-07,531140165
887,2022-06-08,531688476
888,2022-06-09,532362459
889,2022-06-10,532981860
890,2022-06-11,533508075
891,2022-06-12,534040919
892,2022-06-13,534399776
893,2022-06-14,534712267
894,2022-06-15,535389513
895,2022-06-16,536019247
896,2022-06-17,536641043
897,2022-06-18,537232230
898,2022-06-19,537762752
899,2022-06-20,538164782
900,2022-06-21,538541536
901,2022-06-22,539299176
902,2022-06-23,540094625
903,2022-06-24,540844946
904,2022-06-25,541650479
905,2022-06-26,542341050
906,2022-06-27,542832019
907,2022-06-28,543299293
908,2022-06-29,544215338
909,2022-06-30,545128536
910,2022-07-01,546068135
911,2022-07-02,547031895
912,2022-07-03,547886578
913,2022-07-04,548468880
914,2022-07-05,549005697
915,2022-07-06,550087714
916,2022-07-07,551119739
917,2022-07-08,552162733
918,2022-07-09,553263472
919,2022-07-10,554247398
920,2022-07-11,554927086
921,2022-07-12,555542688
922,2022-07-13,556739972
923,2022-07-14,557846776
924,2022-07-15,558917071
925,2022-07-16,559898685
926,2022-07-17,561106392
927,2022-07-18,561988182
928,2022-07-19,562681377
929,2022-07-20,563802590
930,2022-07-21,564897624
931,2022-07-22,565994347
932,2022-07-23,567110096
933,2022-07-24,568406261
934,2022-07-25,569284992
935,2022-07-26,570029474
936,2022-07-27,571144926
937,2022-07-28,572196690
938,2022-07-29,573234649
939,2022-07-30,574274433
940,2022-07-31,575664736
941,2022-08-01,576450109
942,2022-08-02,577133309
943,2022-08-03,578133886
944,2022-08-04,579114450
945,2022-08-05,580480584
946,2022-08-06,581441434
947,2022-08-07,582675281
948,2022-08-08,583384266
949,2022-08-09,584016692
950,2022-08-10,584919429
951,2022-08-11,585821688
952,2022-08-12,586724403
953,2022-08-13,587580495
954,2022-08-14,588456190
955,2022-08-15,589081020
956,2022-08-16,589584530
957,2022-08-17,590388500
958,2022-08-18,591280193
959,2022-08-19,592153931
960,2022-08-20,593018248
961,2022-08-21,593871328
962,2022-08-22,594484483
963,2022-08-23,595078162
964,2022-08-24,595844483
965,2022-08-25,596642838
966,2022-08-26,597418282
967,2022-08-27,598134803
968,2022-08-28,598643585
969,2022-08-29,599326793
970,2022-08-30,599803300
971,2022-08-31,600465847
972,2022-09-01,601136488
973,2022-09-02,601784224
974,2022-09-03,602395449
975,2022-09-04,602949676
976,2022-09-05,603380135
977,2022-09-06,603795468
978,2022-09-07,604298431
979,2022-09-08,604903044
980,2022-09-09,605446062
981,2022-09-10,605863660
982,2022-09-11,606223063
983,2022-09-12,606793762
984,2022-09-13,607157413
985,2022-09-14,607720109
986,2022-09-15,608264421
987,2022-09-16,608799125
988,2022-09-17,609247084
989,2022-09-18,609621817
990,2022-09-19,610139699
991,2022-09-20,610468456
992,2022-09-21,610965165
993,2022-09-22,611407189
994,2022-09-23,611900426
995,2022-09-24,612411537
996,2022-09-25,612802431
997,2022-09-26,613124751
998,2022-09-27,613522748
999,2022-09-28,614096853
1000,2022-09-29,614610760
1001,2022-09-30,615113509
1002,2022-10-01,615669400
1003,2022-10-02,616069743
1004,2022-10-03,616356888
1005,2022-10-04,616616566
1006,2022-10-05,617196315
1007,2022-10-06,617753217
1008,2022-10-07,618296362
1009,2022-10-08,618870866
1010,2022-10-09,619259801
1011,2022-10-10,619559936
1012,2022-10-11,619942965
1013,2022-10-12,620552814
1014,2022-10-13,621077432
1015,2022-10-14,621578172
1016,2022-10-15,622117168
1017,2022-10-16,622494780
1018,2022-10-17,622795293
1019,2022-10-18,623158161
1020,2022-10-19,623698036
1021,2022-10-20,624160120
1022,2022-10-21,624534697
1023,2022-10-22,625142096
1024,2022-10-23,625422999
1025,2022-10-24,625665964
1026,2022-10-25,625975838
1027,2022-10-26,626394284
1028,2022-10-27,626742272
1029,2022-10-28,627315707
1030,2022-10-29,627736677
1031,2022-10-30,627985386
1032,2022-10-31,628203811
1033,2022-11-01,628474744
1034,2022-11-02,628808342
1035,2022-11-03,629106625
1036,2022-11-04,629684705
1037,2022-11-05,630030350
1038,2022-11-06,630298057
1039,2022-11-07,630529164
1040,2022-11-08,630972809
1041,2022-11-09,631255188
1042,2022-11-10,631594481
1043,2022-11-11,632198346
1044,2022-11-12,632622286
1045,2022-11-13,632889715
1046,2022-11-14,633131572
1047,2022-11-15,633465451
1048,2022-11-16,633870182
1049,2022-11-17,634213348
1050,2022-11-18,634739253
1051,2022-11-19,635214797
1052,2022-11-20,635528939
1053,2022-11-21,635769385
1054,2022-11-22,636283652
1055,2022-11-23,636747060
1056,2022-11-24,637088231
1057,2022-11-25,637676277
1058,2022-11-26,638229549
1059,2022-11-27,638617694
1060,2022-11-28,638871229
1061,2022-11-29,639230211
1062,2022-11-30,639837898
1063,2022-12-01,640291826
1064,2022-12-02,641030811
1065,2022-12-03,641478696
1066,2022-12-04,641877890
1067,2022-12-05,642163839
1068,2022-12-06,642527518
1069,2022-12-07,643071534
1070,2022-12-08,643721439
1071,2022-12-09,644664247
1072,2022-12-10,645581808
1073,2022-12-11,646504504
1074,2022-12-12,647568245
1075,2022-12-13,648859435
1076,2022-12-14,650489016
1077,2022-12-15,652172205
1078,2022-12-16,654944611
1079,2022-12-17,657754505
1080,2022-12-18,661389203
1081,2022-12-19,665737536
1082,2022-12-20,671353169
1083,2022-12-21,677816446
1084,2022-12-22,684764060
1085,2022-12-23,692710939
1086,2022-12-24,699541645
1087,2022-12-25,705655046
1088,2022-12-26,710573465
1089,2022-12-27,715455549
1090,2022-12-28,720347310
1091,2022-12-29,724146531
1092,2022-12-30,727912306
1093,2022-12-31,730761530
1094,2023-01-01,733303651
1095,2023-01-02,735144397
1096,2023-01-03,736657241
1097,2023-01-04,738349012
1098,2023-01-05,739898704
1099,2023-01-06,741781702
1100,2023-01-07,743091123
1101,2023-01-08,744204536
1102,2023-01-09,745109165
1103,2023-01-10,745736943
1104,2023-01-11,746581360
1105,2023-01-12,747247463
1106,2023-01-13,748290180
1107,2023-01-14,748821267
1108,2023-01-15,749264794
1109,2023-01-16,749665154
1110,2023-01-17,749921260
1111,2023-01-18,750329642
1112,2023-01-19,750672854
1113,2023-01-20,751270297
1114,2023-01-21,751569937
1115,2023-01-22,751812351
1116,2023-01-23,752005115
1117,2023-01-24,752129813
1118,2023-01-25,752353000
1119,2023-01-26,752564667
1120,2023-01-27,753043057
1121,2023-01-28,753230426
1122,2023-01-29,753394403
1123,2023-01-30,753542650
1124,2023-01-31,753652984
1125,2023-02-01,753852566
1126,2023-02-02,754035878
1127,2023-02-03,754481260
1128,2023-02-04,754658696
1129,2023-02-05,754792689
1130,2023-02-06,754908864
1131,2023-02-07,755014476
1132,2023-02-08,755191084
1133,2023-02-09,755346393
1134,2023-02-10,755772651
1135,2023-02-11,755923714
1136,2023-02-12,756049633
1137,2023-02-13,756142640
1138,2023-02-14,756240862
1139,2023-02-15,756439626
1140,2023-02-16,756572117
1141,2023-02-17,756951955
1142,2023-02-18,757077503
1143,2023-02-19,757214732
1144,2023-02-20,757318949
1145,2023-02-21,757411784
1146,2023-02-22,757559758
1147,2023-02-23,757685748
1148,2023-02-24,757808213
1149,2023-02-25,758192561
1150,2023-02-26,758289200
1151,2023-02-27,758419900
1152,2023-02-28,758514942
1153,2023-03-01,758643969
1154,2023-03-02,758764526
1155,2023-03-03,758875884
1156,2023-03-04,759190566
1157,2023-03-05,759289048
1158,2023-03-06,759349551
1159,2023-03-07,759407939
