,date,Africa,Asia,Europe,North America,Oceania,South America
0,2020-01-03,0.0,0.0,0.0,0.0,0.0,0.0
1,2020-01-04,0.0,1.0,2.0,0.0,0.0,0.0
2,2020-01-05,0.0,1.0,2.0,0.0,0.0,0.0
3,2020-01-06,0.0,4.0,2.0,0.0,0.0,0.0
4,2020-01-07,0.0,4.0,2.0,0.0,0.0,0.0
5,2020-01-08,0.0,4.0,2.0,0.0,0.0,0.0
6,2020-01-09,0.0,4.0,3.0,0.0,0.0,0.0
7,2020-01-10,0.0,4.0,3.0,0.0,0.0,0.0
8,2020-01-11,0.0,4.0,4.0,0.0,0.0,0.0
9,2020-01-12,0.0,45.0,5.0,0.0,0.0,0.0
10,2020-01-13,0.0,46.0,5.0,0.0,0.0,0.0
11,2020-01-14,0.0,51.0,6.0,0.0,0.0,0.0
12,2020-01-15,0.0,51.0,6.0,0.0,0.0,0.0
13,2020-01-16,0.0,51.0,6.0,0.0,0.0,0.0
14,2020-01-17,0.0,52.0,6.0,0.0,0.0,0.0
15,2020-01-18,0.0,56.0,6.0,0.0,0.0,0.0
16,2020-01-19,0.0,133.0,6.0,0.0,0.0,0.0
17,2020-01-20,0.0,210.0,7.0,1.0,0.0,0.0
18,2020-01-21,0.0,303.0,7.0,1.0,0.0,0.0
19,2020-01-22,0.0,451.0,7.0,1.0,0.0,0.0
20,2020-01-23,0.0,581.0,8.0,1.0,0.0,0.0
21,2020-01-24,0.0,852.0,12.0,1.0,0.0,0.0
22,2020-01-25,0.0,1319.0,12.0,6.0,1.0,0.0
23,2020-01-26,0.0,2011.0,12.0,8.0,4.0,0.0
24,2020-01-27,0.0,2801.0,12.0,8.0,4.0,0.0
25,2020-01-28,0.0,4573.0,12.0,10.0,5.0,0.0
26,2020-01-29,0.0,6058.0,16.0,10.0,5.0,0.0
27,2020-01-30,0.0,7808.0,19.0,11.0,7.0,0.0
28,2020-01-31,0.0,9814.0,24.0,11.0,9.0,0.0
29,2020-02-01,0.0,11920.0,29.0,12.0,9.0,0.0
30,2020-02-02,0.0,14519.0,31.0,13.0,12.0,0.0
31,2020-02-03,0.0,17354.0,31.0,14.0,12.0,0.0
32,2020-02-04,0.0,20599.0,34.0,21.0,12.0,0.0
33,2020-02-05,0.0,24505.0,56.0,26.0,13.0,0.0
34,2020-02-06,0.0,28218.0,58.0,28.0,14.0,0.0
35,2020-02-07,0.0,31375.0,60.0,24.0,15.0,0.0
36,2020-02-08,0.0,34772.0,66.0,26.0,15.0,0.0
37,2020-02-09,0.0,37433.0,66.0,27.0,15.0,0.0
38,2020-02-10,0.0,40424.0,69.0,27.0,15.0,0.0
39,2020-02-11,0.0,42905.0,72.0,27.0,15.0,0.0
40,2020-02-12,0.0,44936.0,76.0,27.0,15.0,0.0
41,2020-02-13,0.0,60091.0,81.0,27.0,15.0,0.0
42,2020-02-14,5.0,64156.0,85.0,29.0,15.0,0.0
43,2020-02-15,5.0,66813.0,86.0,30.0,15.0,0.0
44,2020-02-16,5.0,68848.0,87.0,31.0,15.0,0.0
45,2020-02-17,5.0,70905.0,88.0,32.0,15.0,0.0
46,2020-02-18,5.0,72813.0,90.0,32.0,15.0,0.0
47,2020-02-19,5.0,74615.0,92.0,34.0,15.0,0.0
48,2020-02-20,5.0,75035.0,94.0,39.0,15.0,0.0
49,2020-02-21,5.0,76050.0,96.0,43.0,15.0,0.0
50,2020-02-22,5.0,77092.0,110.0,45.0,21.0,0.0
51,2020-02-23,5.0,77996.0,175.0,50.0,22.0,0.0
52,2020-02-24,5.0,78461.0,231.0,58.0,22.0,0.0
53,2020-02-25,5.0,79192.0,338.0,59.0,22.0,0.0
54,2020-02-26,6.0,79937.0,444.0,63.0,23.0,0.0
55,2020-02-27,6.0,80901.0,556.0,68.0,23.0,1.0
56,2020-02-28,6.0,81942.0,880.0,76.0,24.0,1.0
57,2020-02-29,7.0,83331.0,1243.0,86.0,26.0,2.0
58,2020-03-01,7.0,84741.0,1624.0,94.0,26.0,2.0
59,2020-03-02,19.0,85680.0,2322.0,105.0,30.0,4.0
60,2020-03-03,23.0,87382.0,2896.0,135.0,30.0,9.0
61,2020-03-04,27.0,89493.0,3705.0,186.0,35.0,9.0
62,2020-03-05,40.0,90741.0,4863.0,246.0,46.0,22.0
63,2020-03-06,42.0,92747.0,6381.0,338.0,61.0,36.0
64,2020-03-07,56.0,94557.0,8117.0,428.0,68.0,60.0
65,2020-03-08,94.0,95840.0,10357.0,574.0,75.0,70.0
66,2020-03-09,102.0,96856.0,13055.0,738.0,82.0,88.0
67,2020-03-10,120.0,98042.0,16687.0,966.0,98.0,109.0
68,2020-03-11,133.0,99542.0,20546.0,1384.0,106.0,127.0
69,2020-03-12,148.0,100985.0,26652.0,1936.0,130.0,171.0
70,2020-03-13,178.0,102569.0,34494.0,2518.0,148.0,264.0
71,2020-03-14,251.0,104697.0,43398.0,3347.0,206.0,321.0
72,2020-03-15,337.0,106499.0,53559.0,4434.0,260.0,412.0
73,2020-03-16,409.0,108186.0,63173.0,5751.0,309.0,535.0
74,2020-03-17,508.0,110222.0,75073.0,8000.0,354.0,813.0
75,2020-03-18,627.0,112323.0,89447.0,10610.0,445.0,1101.0
76,2020-03-19,749.0,114464.0,107240.0,14106.0,615.0,1422.0
77,2020-03-20,940.0,116857.0,127739.0,19318.0,760.0,1829.0
78,2020-03-21,1146.0,119339.0,150704.0,25951.0,961.0,2147.0
79,2020-03-22,1368.0,122265.0,174391.0,33865.0,1187.0,3190.0
80,2020-03-23,1679.0,125365.0,194301.0,43582.0,1556.0,3493.0
81,2020-03-24,2078.0,129350.0,217958.0,54886.0,1918.0,4815.0
82,2020-03-25,2519.0,133762.0,247766.0,66230.0,2514.0,5777.0
83,2020-03-26,2940.0,138480.0,280617.0,78396.0,2772.0,6733.0
84,2020-03-27,3605.0,144782.0,316651.0,94482.0,3418.0,7524.0
85,2020-03-28,4274.0,151983.0,354148.0,114232.0,3900.0,8880.0
86,2020-03-29,4621.0,159218.0,389712.0,135819.0,4396.0,10366.0
87,2020-03-30,5176.0,166631.0,416743.0,157677.0,4759.0,11415.0
88,2020-03-31,5687.0,173898.0,444045.0,185409.0,5076.0,12395.0
89,2020-04-01,6243.0,182922.0,483071.0,202914.0,5484.0,13737.0
90,2020-04-02,6830.0,191249.0,519692.0,228057.0,5841.0,16245.0
91,2020-04-03,7689.0,199797.0,554169.0,258654.0,6151.0,18464.0
92,2020-04-04,8572.0,208488.0,591229.0,290896.0,6435.0,20209.0
93,2020-04-05,9296.0,215159.0,625248.0,324969.0,6679.0,22478.0
94,2020-04-06,10053.0,224938.0,649595.0,358963.0,6847.0,24494.0
95,2020-04-07,10725.0,234462.0,674990.0,388509.0,6984.0,26769.0
96,2020-04-08,11522.0,244283.0,707783.0,419331.0,7135.0,28767.0
97,2020-04-09,12202.0,254213.0,742449.0,450757.0,7266.0,32090.0
98,2020-04-10,12998.0,264150.0,776834.0,487729.0,7392.0,37104.0
99,2020-04-11,13765.0,275497.0,809364.0,524896.0,7501.0,43030.0
100,2020-04-12,14591.0,287784.0,839938.0,560644.0,7569.0,46393.0
101,2020-04-13,15314.0,299454.0,863754.0,594548.0,7619.0,49383.0
102,2020-04-14,16148.0,311064.0,885838.0,623685.0,7673.0,52153.0
103,2020-04-15,17053.0,322327.0,914438.0,651502.0,7731.0,54133.0
104,2020-04-16,18021.0,333853.0,942980.0,679663.0,7779.0,59718.0
105,2020-04-17,19294.0,346545.0,974746.0,707672.0,7797.0,65215.0
106,2020-04-18,20692.0,359174.0,1003969.0,742690.0,7871.0,70333.0
107,2020-04-19,21829.0,371051.0,1034608.0,776514.0,7928.0,75015.0
108,2020-04-20,23085.0,383446.0,1057295.0,807627.0,7961.0,80112.0
109,2020-04-21,24426.0,397595.0,1079641.0,836550.0,7978.0,84941.0
110,2020-04-22,25658.0,410934.0,1106082.0,866966.0,8004.0,88601.0
111,2020-04-23,27149.0,422938.0,1133195.0,896539.0,8015.0,94022.0
112,2020-04-24,28442.0,435664.0,1160654.0,930777.0,8031.0,99481.0
113,2020-04-25,29878.0,448711.0,1188128.0,967991.0,8056.0,117346.0
114,2020-04-26,31323.0,461192.0,1213530.0,1006826.0,8076.0,122681.0
115,2020-04-27,32777.0,472543.0,1233495.0,1043654.0,8087.0,132935.0
116,2020-04-28,33998.0,483865.0,1253973.0,1072901.0,8103.0,140038.0
117,2020-04-29,35668.0,495675.0,1275531.0,1100794.0,8120.0,147917.0
118,2020-04-30,37677.0,508436.0,1300194.0,1128811.0,8132.0,157612.0
119,2020-05-01,40130.0,521479.0,1325215.0,1159769.0,8152.0,168271.0
120,2020-05-02,41933.0,534916.0,1350236.0,1195158.0,8159.0,181478.0
121,2020-05-03,44003.0,546999.0,1373902.0,1232368.0,8179.0,194494.0
122,2020-05-04,45847.0,559382.0,1395329.0,1264838.0,8199.0,205598.0
123,2020-05-05,48578.0,574186.0,1414319.0,1295457.0,8223.0,217685.0
124,2020-05-06,50568.0,588759.0,1438635.0,1322381.0,8250.0,227876.0
125,2020-05-07,52592.0,604951.0,1465634.0,1349469.0,8280.0,238328.0
126,2020-05-08,55546.0,620593.0,1489534.0,1379600.0,8303.0,246673.0
127,2020-05-09,59295.0,636678.0,1513122.0,1412901.0,8322.0,270223.0
128,2020-05-10,62088.0,653260.0,1536017.0,1446750.0,8340.0,286460.0
129,2020-05-11,65429.0,670589.0,1555411.0,1476541.0,8355.0,303401.0
130,2020-05-12,68276.0,686392.0,1573735.0,1500708.0,8365.0,314720.0
131,2020-05-13,71383.0,705019.0,1597383.0,1525654.0,8382.0,325659.0
132,2020-05-14,74327.0,722678.0,1617764.0,1554251.0,8393.0,342177.0
133,2020-05-15,77579.0,742628.0,1639065.0,1576843.0,8409.0,361800.0
134,2020-05-16,80161.0,761545.0,1658077.0,1616929.0,8439.0,383897.0
135,2020-05-17,83381.0,781769.0,1677852.0,1649310.0,8459.0,407308.0
136,2020-05-18,87423.0,803344.0,1694420.0,1679672.0,8468.0,431569.0
137,2020-05-19,90333.0,824095.0,1710818.0,1703463.0,8487.0,447565.0
138,2020-05-20,93766.0,845500.0,1728314.0,1732498.0,8495.0,469542.0
139,2020-05-21,97805.0,869526.0,1748751.0,1760302.0,8517.0,498143.0
140,2020-05-22,102246.0,893421.0,1766822.0,1789620.0,8521.0,529120.0
141,2020-05-23,106363.0,918063.0,1783857.0,1822133.0,8535.0,558926.0
142,2020-05-24,110320.0,942100.0,1800851.0,1854700.0,8547.0,588529.0
143,2020-05-25,114723.0,965867.0,1816312.0,1881174.0,8550.0,615429.0
144,2020-05-26,118630.0,987117.0,1831063.0,1906293.0,8559.0,643260.0
145,2020-05-27,122407.0,1008836.0,1846766.0,1932713.0,8576.0,665151.0
146,2020-05-28,127695.0,1032512.0,1863821.0,1957407.0,8583.0,694837.0
147,2020-05-29,132524.0,1059075.0,1880261.0,1983829.0,8596.0,729452.0
148,2020-05-30,138449.0,1086970.0,1896604.0,2014763.0,8619.0,768405.0
149,2020-05-31,144591.0,1115298.0,1912977.0,2045388.0,8632.0,808738.0
150,2020-06-01,150233.0,1143679.0,1927595.0,2074771.0,8642.0,858051.0
151,2020-06-02,156305.0,1173146.0,1941373.0,2100755.0,8652.0,892310.0
152,2020-06-03,161341.0,1203411.0,1956468.0,2125404.0,8672.0,916347.0
153,2020-06-04,166652.0,1236088.0,1972801.0,2153630.0,8682.0,958767.0
154,2020-06-05,174494.0,1269259.0,1989079.0,2181456.0,8697.0,1000281.0
155,2020-06-06,180991.0,1302244.0,2005293.0,2209561.0,8708.0,1043798.0
156,2020-06-07,187941.0,1336322.0,2021050.0,2241613.0,8712.0,1087674.0
157,2020-06-08,193581.0,1369456.0,2037013.0,2270495.0,8718.0,1129623.0
158,2020-06-09,200539.0,1402721.0,2051002.0,2293862.0,8724.0,1161319.0
159,2020-06-10,207452.0,1437598.0,2066163.0,2320477.0,8730.0,1188244.0
160,2020-06-11,213937.0,1473577.0,2082325.0,2347583.0,8732.0,1234614.0
161,2020-06-12,221605.0,1511472.0,2098897.0,2378472.0,8750.0,1282573.0
162,2020-06-13,230013.0,1550368.0,2114623.0,2409532.0,8757.0,1331080.0
163,2020-06-14,239175.0,1589941.0,2130920.0,2446319.0,8770.0,1373952.0
164,2020-06-15,247888.0,1627895.0,2145475.0,2478937.0,8788.0,1411745.0
165,2020-06-16,256674.0,1664624.0,2159320.0,2504821.0,8806.0,1444165.0
166,2020-06-17,263864.0,1704092.0,2174357.0,2534670.0,8818.0,1478733.0
167,2020-06-18,273023.0,1745302.0,2190819.0,2568794.0,8844.0,1559754.0
168,2020-06-19,282549.0,1785659.0,2206861.0,2603943.0,8870.0,1606401.0
169,2020-06-20,291827.0,1828302.0,2223268.0,2641681.0,8897.0,1646183.0
170,2020-06-21,302579.0,1870759.0,2238343.0,2684532.0,8947.0,1716417.0
171,2020-06-22,311806.0,1911033.0,2251560.0,2725599.0,8976.0,1767187.0
172,2020-06-23,321164.0,1952841.0,2264608.0,2758690.0,8993.0,1800061.0
173,2020-06-24,330511.0,1996516.0,2278501.0,2797416.0,9013.0,1835602.0
174,2020-06-25,342012.0,2041923.0,2293762.0,2845287.0,9052.0,1889523.0
175,2020-06-26,354143.0,2086949.0,2308737.0,2891873.0,9105.0,1949730.0
176,2020-06-27,365899.0,2134233.0,2323199.0,2949373.0,9147.0,2005598.0
177,2020-06-28,378964.0,2182506.0,2337382.0,3005903.0,9199.0,2068492.0
178,2020-06-29,390083.0,2229726.0,2350229.0,3057043.0,9246.0,2124704.0
179,2020-06-30,400885.0,2273911.0,2362209.0,3101539.0,9334.0,2170800.0
180,2020-07-01,412591.0,2332201.0,2375319.0,3151945.0,9405.0,2209295.0
181,2020-07-02,426885.0,2382040.0,2389274.0,3210535.0,9514.0,2258160.0
182,2020-07-03,441267.0,2431968.0,2403085.0,3281633.0,9596.0,2320813.0
183,2020-07-04,456389.0,2484959.0,2416700.0,3349142.0,9856.0,2385437.0
184,2020-07-05,473092.0,2538692.0,2430345.0,3421799.0,9968.0,2443646.0
185,2020-07-06,487268.0,2591382.0,2442136.0,3479677.0,10057.0,2498520.0
186,2020-07-07,501693.0,2641751.0,2453851.0,3527747.0,10209.0,2541392.0
187,2020-07-08,515964.0,2693655.0,2467029.0,3590510.0,10383.0,2576764.0
188,2020-07-09,530056.0,2750509.0,2481213.0,3660181.0,10521.0,2637906.0
189,2020-07-10,548637.0,2806085.0,2495475.0,3736944.0,10699.0,2699682.0
190,2020-07-11,566572.0,2862250.0,2509855.0,3811387.0,11000.0,2760097.0
191,2020-07-12,585404.0,2918630.0,2524197.0,3892382.0,11204.0,2824168.0
192,2020-07-13,602248.0,2975276.0,2536288.0,3969701.0,11448.0,2881117.0
193,2020-07-14,618474.0,3032156.0,2547905.0,4036233.0,11632.0,2924378.0
194,2020-07-15,634595.0,3089016.0,2562312.0,4106755.0,11910.0,2961293.0
195,2020-07-16,653025.0,3149644.0,2577521.0,4185326.0,12156.0,3022140.0
196,2020-07-17,672633.0,3214127.0,2592867.0,4272595.0,12477.0,3081793.0
197,2020-07-18,691828.0,3276625.0,2607778.0,4355919.0,12903.0,3149365.0
198,2020-07-19,711316.0,3341827.0,2623509.0,4446586.0,13113.0,3206134.0
199,2020-07-20,730539.0,3407010.0,2637483.0,4527280.0,13481.0,3258279.0
200,2020-07-21,745302.0,3470471.0,2650846.0,4596545.0,13750.0,3303471.0
201,2020-07-22,758965.0,3536105.0,2666661.0,4670253.0,14128.0,3346393.0
202,2020-07-23,778611.0,3609737.0,2683946.0,4747501.0,14604.0,3409672.0
203,2020-07-24,797852.0,3686133.0,2701107.0,4834242.0,15021.0,3501494.0
204,2020-07-25,818715.0,3762580.0,2718068.0,4921798.0,15311.0,3583904.0
205,2020-07-26,836957.0,3836115.0,2736412.0,5009770.0,15674.0,3661037.0
206,2020-07-27,855100.0,3910029.0,2751487.0,5081748.0,16151.0,3735277.0
207,2020-07-28,868254.0,3983737.0,2766131.0,5147652.0,16696.0,3784198.0
208,2020-07-29,881557.0,4066503.0,2783696.0,5215939.0,17069.0,3832681.0
209,2020-07-30,899345.0,4152058.0,2803441.0,5288778.0,17352.0,3900263.0
210,2020-07-31,917589.0,4242045.0,2822793.0,5367385.0,18077.0,3995629.0
211,2020-08-01,935236.0,4332300.0,2841499.0,5446683.0,18693.0,4080780.0
212,2020-08-02,951425.0,4421173.0,2861758.0,5528137.0,19094.0,4159968.0
213,2020-08-03,965326.0,4505573.0,2879268.0,5592708.0,19757.0,4236638.0
214,2020-08-04,975982.0,4588442.0,2895025.0,5650491.0,20170.0,4294566.0
215,2020-08-05,985704.0,4677954.0,2915097.0,5708731.0,20588.0,4338686.0
216,2020-08-06,1000538.0,4769616.0,2937798.0,5774526.0,21356.0,4418203.0
217,2020-08-07,1014802.0,4867812.0,2959747.0,5842719.0,21793.0,4508216.0
218,2020-08-08,1028323.0,4964483.0,2981684.0,5908754.0,22248.0,4592387.0
219,2020-08-09,1042239.0,5061541.0,3005561.0,5984176.0,22676.0,4672055.0
220,2020-08-10,1054695.0,5153183.0,3024810.0,6044162.0,23088.0,4751853.0
221,2020-08-11,1063230.0,5242117.0,3043225.0,6097264.0,23409.0,4804864.0
222,2020-08-12,1070934.0,5336992.0,3067026.0,6153325.0,23788.0,4855323.0
223,2020-08-13,1080233.0,5438291.0,3094623.0,6225285.0,24313.0,4940641.0
224,2020-08-14,1090721.0,5537822.0,3119398.0,6291868.0,24588.0,5031122.0
225,2020-08-15,1103718.0,5639705.0,3144806.0,6356207.0,25037.0,5123892.0
226,2020-08-16,1115493.0,5736650.0,3174511.0,6424249.0,25356.0,5205092.0
227,2020-08-17,1125460.0,5825431.0,3197379.0,6483327.0,25666.0,5279015.0
228,2020-08-18,1134345.0,5912346.0,3218717.0,6531547.0,26051.0,5336810.0
229,2020-08-19,1142937.0,6012673.0,3245322.0,6584873.0,26304.0,5383944.0
230,2020-08-20,1153716.0,6117890.0,3277217.0,6638095.0,26584.0,5466650.0
231,2020-08-21,1164236.0,6221445.0,3306562.0,6695962.0,26965.0,5553516.0
232,2020-08-22,1175141.0,6324602.0,3335995.0,6753619.0,27251.0,5631087.0
233,2020-08-23,1185406.0,6426517.0,3370297.0,6812681.0,27502.0,5689054.0
234,2020-08-24,1194903.0,6516095.0,3397594.0,6862833.0,27811.0,5774492.0
235,2020-08-25,1202315.0,6610648.0,3423023.0,6905886.0,28032.0,5829616.0
236,2020-08-26,1210006.0,6710449.0,3453355.0,6954415.0,28294.0,5879229.0
237,2020-08-27,1218912.0,6821606.0,3489747.0,7006823.0,28607.0,5960425.0
238,2020-08-28,1227599.0,6932422.0,3522838.0,7065631.0,28885.0,6039970.0
239,2020-08-29,1235439.0,7043037.0,3554089.0,7124780.0,29143.0,6116055.0
240,2020-08-30,1244118.0,7153145.0,3593772.0,7182953.0,29312.0,6187909.0
241,2020-08-31,1253564.0,7262726.0,3625156.0,7231792.0,29489.0,6265169.0
242,2020-09-01,1260780.0,7364154.0,3654609.0,7274425.0,29673.0,6312822.0
243,2020-09-02,1267405.0,7475199.0,3688767.0,7325635.0,29829.0,6386248.0
244,2020-09-03,1275783.0,7592829.0,3730010.0,7377180.0,30019.0,6459660.0
245,2020-09-04,1283747.0,7710531.0,3766994.0,7433458.0,30265.0,6539187.0
246,2020-09-05,1292811.0,7832394.0,3803242.0,7489798.0,30458.0,6612013.0
247,2020-09-06,1300322.0,7955011.0,3850290.0,7553264.0,30622.0,6690279.0
248,2020-09-07,1308834.0,8077822.0,3888269.0,7601401.0,30725.0,6744774.0
249,2020-09-08,1315232.0,8185524.0,3924117.0,7641629.0,30811.0,6791037.0
250,2020-09-09,1322985.0,8311655.0,3966073.0,7677302.0,30964.0,6825609.0
251,2020-09-10,1331074.0,8444540.0,4014202.0,7718955.0,31142.0,6870796.0
252,2020-09-11,1339596.0,8580039.0,4057799.0,7765246.0,31356.0,6938957.0
253,2020-09-12,1347718.0,8715090.0,4099819.0,7814801.0,31450.0,7009061.0
254,2020-09-13,1355906.0,8846181.0,4154263.0,7870707.0,31590.0,7080338.0
255,2020-09-14,1363092.0,8973645.0,4197635.0,7919157.0,31673.0,7146008.0
256,2020-09-15,1369052.0,9096292.0,4239267.0,7958268.0,31798.0,7192334.0
257,2020-09-16,1376031.0,9226960.0,4289977.0,8004769.0,31920.0,7233465.0
258,2020-09-17,1383707.0,9364204.0,4347550.0,8050647.0,32075.0,7298973.0
259,2020-09-18,1392549.0,9501594.0,4400961.0,8103562.0,32176.0,7367249.0
260,2020-09-19,1401088.0,9634601.0,4450268.0,8160604.0,32302.0,7430910.0
261,2020-09-20,1409984.0,9765137.0,4515247.0,8221006.0,32426.0,7495783.0
262,2020-09-21,1417340.0,9888918.0,4565208.0,8271204.0,32475.0,7558768.0
263,2020-09-22,1422873.0,10001920.0,4612497.0,8312301.0,32570.0,7603981.0
264,2020-09-23,1430968.0,10127457.0,4666501.0,8366865.0,32648.0,7644369.0
265,2020-09-24,1439170.0,10258330.0,4728968.0,8428080.0,32806.0,7707795.0
266,2020-09-25,1447759.0,10388731.0,4786976.0,8481255.0,32846.0,7773336.0
267,2020-09-26,1455595.0,10517119.0,4843320.0,8539045.0,32999.0,7834354.0
268,2020-09-27,1463225.0,10645695.0,4909695.0,8600364.0,33087.0,7892959.0
269,2020-09-28,1470116.0,10765206.0,4963983.0,8650465.0,33114.0,7954010.0
270,2020-09-29,1477088.0,10871637.0,5017604.0,8692355.0,33155.0,7998406.0
271,2020-09-30,1484301.0,10993057.0,5084240.0,8743129.0,33377.0,8038853.0
272,2020-10-01,1493168.0,11126230.0,5161115.0,8794482.0,33571.0,8099106.0
273,2020-10-02,1501591.0,11253495.0,5235956.0,8852456.0,33659.0,8160779.0
274,2020-10-03,1508904.0,11375786.0,5307540.0,8911200.0,33918.0,8219822.0
275,2020-10-04,1519386.0,11490412.0,5399163.0,8973738.0,34015.0,8274618.0
276,2020-10-05,1526209.0,11605642.0,5474714.0,9029627.0,34032.0,8329797.0
277,2020-10-06,1533801.0,11709525.0,5553039.0,9072907.0,34368.0,8367619.0
278,2020-10-07,1540689.0,11827264.0,5652282.0,9126914.0,34459.0,8407010.0
279,2020-10-08,1551199.0,11951937.0,5764708.0,9182401.0,34650.0,8481193.0
280,2020-10-09,1559358.0,12064119.0,5873445.0,9247741.0,34749.0,8542752.0
281,2020-10-10,1570749.0,12181091.0,5982252.0,9316500.0,35164.0,8597393.0
282,2020-10-11,1581930.0,12293220.0,6113981.0,9388558.0,35249.0,8651613.0
283,2020-10-12,1591598.0,12399202.0,6220349.0,9452020.0,35296.0,8703141.0
284,2020-10-13,1599575.0,12497423.0,6327728.0,9503856.0,35917.0,8747348.0
285,2020-10-14,1607338.0,12603895.0,6465951.0,9563986.0,36046.0,8785997.0
286,2020-10-15,1616287.0,12716951.0,6623013.0,9630847.0,36481.0,8824805.0
287,2020-10-16,1625737.0,12825980.0,6774672.0,9702431.0,36596.0,8882135.0
288,2020-10-17,1639760.0,12931995.0,6919848.0,9779460.0,36942.0,8936127.0
289,2020-10-18,1649251.0,13035330.0,7101839.0,9862064.0,37045.0,8989433.0
290,2020-10-19,1659818.0,13132664.0,7258491.0,9926377.0,37111.0,9044312.0
291,2020-10-20,1668999.0,13222277.0,7413899.0,9982811.0,38012.0,9085211.0
292,2020-10-21,1677707.0,13323318.0,7622921.0,10059899.0,38198.0,9128436.0
293,2020-10-22,1688374.0,13427306.0,7862391.0,10133981.0,38846.0,9182467.0
294,2020-10-23,1700585.0,13532495.0,8081857.0,10218190.0,38967.0,9236242.0
295,2020-10-24,1712010.0,13633043.0,8289552.0,10307959.0,39778.0,9288818.0
296,2020-10-25,1723598.0,13729254.0,8551239.0,10405027.0,39828.0,9341656.0
297,2020-10-26,1732506.0,13817941.0,8767307.0,10490900.0,39900.0,9399649.0
298,2020-10-27,1741671.0,13897308.0,8973268.0,10564246.0,40658.0,9441337.0
299,2020-10-28,1750917.0,13991344.0,9244933.0,10650055.0,40754.0,9485534.0
300,2020-10-29,1761389.0,14091420.0,9532639.0,10740991.0,41592.0,9541971.0
301,2020-10-30,1775824.0,14191779.0,9796622.0,10840297.0,41680.0,9598788.0
302,2020-10-31,1787514.0,14289231.0,10047685.0,10946472.0,41777.0,9650400.0
303,2020-11-01,1798855.0,14383064.0,10351014.0,11059021.0,41845.0,9694968.0
304,2020-11-02,1808310.0,14476215.0,10588558.0,11162170.0,41864.0,9742836.0
305,2020-11-03,1816737.0,14567026.0,10811198.0,11312194.0,43270.0,9778620.0
306,2020-11-04,1827854.0,14667281.0,11094232.0,11410861.0,43693.0,9811413.0
307,2020-11-05,1842274.0,14772547.0,11395791.0,11524521.0,44127.0,9848000.0
308,2020-11-06,1856092.0,14875394.0,11674571.0,11654626.0,44710.0,9899480.0
309,2020-11-07,1869736.0,14984108.0,11941720.0,11793406.0,45032.0,9945088.0
310,2020-11-08,1883099.0,15084448.0,12232920.0,11942237.0,45081.0,9985245.0
311,2020-11-09,1895096.0,15182932.0,12461828.0,12083365.0,45213.0,10033932.0
312,2020-11-10,1904420.0,15277671.0,12651495.0,12205549.0,46135.0,10068486.0
313,2020-11-11,1918490.0,15379485.0,12931514.0,12347072.0,46615.0,10100185.0
314,2020-11-12,1932801.0,15487595.0,13212353.0,12511375.0,47073.0,10149276.0
315,2020-11-13,1947735.0,15594249.0,13477763.0,12683894.0,47347.0,10222973.0
316,2020-11-14,1963348.0,15700030.0,13737979.0,12864698.0,47649.0,10277160.0
317,2020-11-15,1977319.0,15798343.0,14003484.0,13059609.0,47702.0,10325532.0
318,2020-11-16,1989999.0,15884642.0,14211431.0,13237002.0,47875.0,10388447.0
319,2020-11-17,2000239.0,15973139.0,14412708.0,13386203.0,48373.0,10425563.0
320,2020-11-18,2013370.0,16075364.0,14653134.0,13552191.0,48687.0,10459108.0
321,2020-11-19,2029198.0,16190052.0,14908725.0,13739082.0,49039.0,10515326.0
322,2020-11-20,2044059.0,16303461.0,15161235.0,13929170.0,49348.0,10571406.0
323,2020-11-21,2058879.0,16416990.0,15402007.0,14136050.0,49559.0,10625533.0
324,2020-11-22,2072562.0,16527742.0,15636549.0,14348760.0,49611.0,10680925.0
325,2020-11-23,2085300.0,16638653.0,15816389.0,14537288.0,49699.0,10731042.0
326,2020-11-24,2095013.0,16742790.0,15986323.0,14699153.0,50085.0,10771378.0
327,2020-11-25,2108159.0,16857306.0,16198538.0,14880373.0,50408.0,10806458.0
328,2020-11-26,2123021.0,16973198.0,16428940.0,15076504.0,50746.0,10858411.0
329,2020-11-27,2136934.0,17106148.0,16657273.0,15291930.0,50909.0,10928523.0
330,2020-11-28,2153102.0,17236509.0,16873158.0,15458080.0,51150.0,10986872.0
331,2020-11-29,2166439.0,17364283.0,17078729.0,15643191.0,51178.0,11042123.0
332,2020-11-30,2179922.0,17486711.0,17232456.0,15804059.0,51236.0,11117071.0
333,2020-12-01,2189694.0,17605389.0,17391858.0,15958680.0,51564.0,11163552.0
334,2020-12-02,2202901.0,17729403.0,17590783.0,16132944.0,51796.0,11204615.0
335,2020-12-03,2218277.0,17858159.0,17808125.0,16348229.0,52011.0,11276540.0
336,2020-12-04,2234537.0,17987620.0,18025593.0,16583939.0,52233.0,11347917.0
337,2020-12-05,2250613.0,18114873.0,18235196.0,16825862.0,52488.0,11417613.0
338,2020-12-06,2265683.0,18237609.0,18439918.0,17073655.0,52516.0,11482550.0
339,2020-12-07,2279852.0,18352941.0,18595543.0,17298780.0,52553.0,11544522.0
340,2020-12-08,2290462.0,18466695.0,18758675.0,17491220.0,52592.0,11587699.0
341,2020-12-09,2305967.0,18584963.0,18964351.0,17699546.0,52843.0,11625388.0
342,2020-12-10,2324433.0,18702463.0,19185715.0,17952017.0,52940.0,11696738.0
343,2020-12-11,2343056.0,18818491.0,19412818.0,18199786.0,53090.0,11770005.0
344,2020-12-12,2361793.0,18932765.0,19634164.0,18435296.0,53248.0,11840906.0
345,2020-12-13,2379611.0,19039947.0,19851721.0,18708140.0,53276.0,11914346.0
346,2020-12-14,2395873.0,19138431.0,20021810.0,18945366.0,53305.0,11980538.0
347,2020-12-15,2410100.0,19238006.0,20195755.0,19142071.0,53452.0,12024643.0
348,2020-12-16,2427837.0,19345853.0,20424556.0,19366801.0,53601.0,12070267.0
349,2020-12-17,2448841.0,19451625.0,20674930.0,19592544.0,53734.0,12137247.0
350,2020-12-18,2469166.0,19551719.0,20924222.0,19859731.0,53947.0,12233962.0
351,2020-12-19,2488386.0,19654453.0,21157030.0,20133194.0,54042.0,12327626.0
352,2020-12-20,2509052.0,19747846.0,21382640.0,20396972.0,54088.0,12405846.0
353,2020-12-21,2527594.0,19836934.0,21557836.0,20620185.0,54140.0,12486306.0
354,2020-12-22,2543847.0,19920805.0,21748742.0,20822569.0,54337.0,12537322.0
355,2020-12-23,2564152.0,20010163.0,21989439.0,21032306.0,54458.0,12586602.0
356,2020-12-24,2590349.0,20100691.0,22239020.0,21257009.0,54551.0,12666496.0
357,2020-12-25,2616208.0,20189389.0,22469847.0,21511194.0,54689.0,12738170.0
358,2020-12-26,2641471.0,20274117.0,22641951.0,21738394.0,54691.0,12827247.0
359,2020-12-27,2662452.0,20347987.0,22782852.0,21912692.0,54742.0,12876289.0
360,2020-12-28,2680827.0,20418784.0,22944443.0,22078438.0,54759.0,12920340.0
361,2020-12-29,2696702.0,20493895.0,23139510.0,22249200.0,54944.0,12966476.0
362,2020-12-30,2716637.0,20575603.0,23381875.0,22454186.0,55071.0,13015356.0
363,2020-12-31,2747852.0,20660423.0,23675793.0,22695936.0,55184.0,13099969.0
364,2021-01-01,2777482.0,20743243.0,23956985.0,22963880.0,55296.0,13180127.0
365,2021-01-02,2803479.0,20818669.0,24153941.0,23222575.0,55324.0,13271310.0
366,2021-01-03,2827282.0,20887342.0,24320585.0,23467955.0,55380.0,13322023.0
367,2021-01-04,2849829.0,20955330.0,24514544.0,23712089.0,55423.0,13369337.0
368,2021-01-05,2872026.0,21033375.0,24727099.0,23934482.0,55524.0,13416664.0
369,2021-01-06,2899460.0,21115981.0,25020028.0,24143338.0,55649.0,13468731.0
370,2021-01-07,2936470.0,21204144.0,25320021.0,24419852.0,55736.0,13564968.0
371,2021-01-08,2971698.0,21291993.0,25569756.0,24715546.0,55819.0,13669667.0
372,2021-01-09,3008846.0,21380552.0,25814347.0,25022513.0,55914.0,13795279.0
373,2021-01-10,3044196.0,21462299.0,26064160.0,25352735.0,55959.0,13884562.0
374,2021-01-11,3074805.0,21539090.0,26250880.0,25636119.0,55984.0,13988006.0
375,2021-01-12,3103368.0,21616705.0,26435533.0,25881642.0,56121.0,14057617.0
376,2021-01-13,3128871.0,21700782.0,26688102.0,26121546.0,56220.0,14121318.0
377,2021-01-14,3163111.0,21786354.0,26947473.0,26375837.0,56337.0,14224038.0
378,2021-01-15,3197628.0,21873604.0,27187177.0,26637785.0,56484.0,14325991.0
379,2021-01-16,3229237.0,21960150.0,27406817.0,26895969.0,56554.0,14435338.0
380,2021-01-17,3258042.0,22038329.0,27635980.0,27166282.0,56596.0,14552447.0
381,2021-01-18,3283918.0,22109108.0,27801847.0,27400283.0,56624.0,14661673.0
382,2021-01-19,3306134.0,22181614.0,27963008.0,27606651.0,56700.0,14736620.0
383,2021-01-20,3330185.0,22258908.0,28183010.0,27792338.0,56746.0,14799202.0
384,2021-01-21,3360252.0,22338012.0,28418324.0,27974483.0,56873.0,14904460.0
385,2021-01-22,3387117.0,22417211.0,28633169.0,28194719.0,56916.0,15018212.0
386,2021-01-23,3414680.0,22492066.0,28829419.0,28413295.0,56972.0,15116632.0
387,2021-01-24,3442445.0,22562474.0,29039324.0,28632856.0,56987.0,15209061.0
388,2021-01-25,3461623.0,22628905.0,29185990.0,28820054.0,56999.0,15316458.0
389,2021-01-26,3477283.0,22697768.0,29322033.0,28977075.0,57078.0,15380545.0
390,2021-01-27,3497343.0,22771606.0,29518239.0,29141652.0,57148.0,15441110.0
391,2021-01-28,3519508.0,22848707.0,29730630.0,29316144.0,57197.0,15539357.0
392,2021-01-29,3539575.0,22931562.0,29922148.0,29501626.0,57249.0,15644232.0
393,2021-01-30,3560305.0,23009608.0,30093965.0,29684392.0,57293.0,15739436.0
394,2021-01-31,3577720.0,23079684.0,30276328.0,29873659.0,57306.0,15831850.0
395,2021-02-01,3592552.0,23146697.0,30406723.0,30031085.0,57328.0,15925266.0
396,2021-02-02,3605266.0,23213721.0,30529070.0,30156253.0,57400.0,15982709.0
397,2021-02-03,3620602.0,23284662.0,30692603.0,30299262.0,57430.0,16036626.0
398,2021-02-04,3636489.0,23359285.0,30870295.0,30443359.0,57474.0,16123586.0
399,2021-02-05,3652910.0,23432895.0,31030754.0,30574373.0,57533.0,16215663.0
400,2021-02-06,3672174.0,23504099.0,31173960.0,30718704.0,57576.0,16303290.0
401,2021-02-07,3685424.0,23568723.0,31324300.0,30864723.0,57594.0,16382068.0
402,2021-02-08,3696886.0,23630742.0,31431508.0,30989019.0,57607.0,16464533.0
403,2021-02-09,3707084.0,23695725.0,31533818.0,31092851.0,57658.0,16517401.0
404,2021-02-10,3719363.0,23762362.0,31670701.0,31192827.0,57688.0,16563751.0
405,2021-02-11,3733444.0,23832198.0,31818659.0,31301859.0,57746.0,16639507.0
406,2021-02-12,3747448.0,23899075.0,31957037.0,31417980.0,57780.0,16730551.0
407,2021-02-13,3760875.0,23965541.0,32081214.0,31534235.0,57799.0,16818749.0
408,2021-02-14,3772306.0,24025327.0,32209692.0,31649245.0,57811.0,16896106.0
409,2021-02-15,3782984.0,24084797.0,32305861.0,31746192.0,57826.0,16964522.0
410,2021-02-16,3791755.0,24149343.0,32403736.0,31822736.0,57896.0,17013301.0
411,2021-02-17,3802331.0,24217196.0,32539921.0,31896219.0,57913.0,17065884.0
412,2021-02-18,3815134.0,24285857.0,32685414.0,31968158.0,57953.0,17144458.0
413,2021-02-19,3827245.0,24354317.0,32824384.0,32047013.0,57986.0,17229681.0
414,2021-02-20,3839937.0,24420304.0,32952449.0,32131242.0,58071.0,17310338.0
415,2021-02-21,3849600.0,24483350.0,33091994.0,32220293.0,58084.0,17386034.0
416,2021-02-22,3859056.0,24551493.0,33197138.0,32297251.0,58128.0,17471639.0
417,2021-02-23,3869749.0,24619063.0,33306727.0,32363086.0,58172.0,17526147.0
418,2021-02-24,3878877.0,24690492.0,33458926.0,32434367.0,58225.0,17573479.0
419,2021-02-25,3892232.0,24768176.0,33617903.0,32519519.0,58269.0,17663769.0
420,2021-02-26,3902654.0,24844045.0,33770397.0,32606342.0,58381.0,17758952.0
421,2021-02-27,3915328.0,24917739.0,33912701.0,32693988.0,58455.0,17850579.0
422,2021-02-28,3923668.0,24986366.0,34059890.0,32781951.0,58487.0,17938190.0
423,2021-03-01,3932024.0,25056105.0,34169294.0,32860951.0,58516.0,18028858.0
424,2021-03-02,3940888.0,25125554.0,34285136.0,32921714.0,58605.0,18086678.0
425,2021-03-03,3950262.0,25202686.0,34444266.0,32987488.0,58671.0,18142490.0
426,2021-03-04,3963726.0,25284022.0,34617993.0,33056196.0,58745.0,18228037.0
427,2021-03-05,3975206.0,25365244.0,34780441.0,33136131.0,58823.0,18324754.0
428,2021-03-06,3985773.0,25445519.0,34931289.0,33215358.0,58888.0,18423268.0
429,2021-03-07,3994493.0,25522084.0,35092552.0,33293694.0,58956.0,18524037.0
430,2021-03-08,4002754.0,25601107.0,35207493.0,33361082.0,59094.0,18621963.0
431,2021-03-09,4011254.0,25680592.0,35329991.0,33413699.0,59195.0,18727357.0
432,2021-03-10,4020221.0,25763092.0,35501621.0,33471448.0,59293.0,18780704.0
433,2021-03-11,4030995.0,25852363.0,35690992.0,33538778.0,59456.0,18881541.0
434,2021-03-12,4041334.0,25944588.0,35872583.0,33614781.0,59666.0,18991301.0
435,2021-03-13,4052825.0,26037829.0,36049343.0,33688067.0,59818.0,19094858.0
436,2021-03-14,4061398.0,26125264.0,36235970.0,33765540.0,59947.0,19208280.0
437,2021-03-15,4070175.0,26218091.0,36375834.0,33827926.0,60072.0,19313717.0
438,2021-03-16,4078899.0,26312520.0,36523024.0,33883901.0,60202.0,19383322.0
439,2021-03-17,4088789.0,26416622.0,36719980.0,33937049.0,60404.0,19446448.0
440,2021-03-18,4108677.0,26530931.0,36938603.0,34002689.0,60636.0,19562861.0
441,2021-03-19,4119750.0,26650868.0,37146112.0,34076232.0,60825.0,19687793.0
442,2021-03-20,4133516.0,26771545.0,37336853.0,34153824.0,61168.0,19808360.0
443,2021-03-21,4142619.0,26890004.0,37543254.0,34230555.0,61472.0,19929213.0
444,2021-03-22,4151510.0,27018543.0,37698179.0,34300243.0,61706.0,20048495.0
445,2021-03-23,4160054.0,27143420.0,37870468.0,34354637.0,61931.0,20129131.0
446,2021-03-24,4170107.0,27277025.0,38089068.0,34416993.0,62311.0,20208340.0
447,2021-03-25,4187031.0,27420290.0,38330724.0,34489213.0,62900.0,20331468.0
448,2021-03-26,4198521.0,27574340.0,38560749.0,34571350.0,63240.0,20468568.0
449,2021-03-27,4211522.0,27730221.0,38760891.0,34651576.0,63483.0,20608331.0
450,2021-03-28,4220717.0,27882334.0,38985754.0,34741275.0,63527.0,20733545.0
451,2021-03-29,4230328.0,28046409.0,39149053.0,34816364.0,63701.0,20866771.0
452,2021-03-30,4240013.0,28200513.0,39316879.0,34880556.0,64012.0,20957002.0
453,2021-03-31,4250912.0,28362973.0,39531254.0,34952484.0,64420.0,21036261.0
454,2021-04-01,4267288.0,28547011.0,39773148.0,35028610.0,64572.0,21163895.0
455,2021-04-02,4279188.0,28745194.0,39993165.0,35112963.0,64968.0,21299711.0
456,2021-04-03,4292836.0,28953655.0,40173369.0,35200826.0,65128.0,21444254.0
457,2021-04-04,4301523.0,29166100.0,40328195.0,35282577.0,65388.0,21556070.0
458,2021-04-05,4311065.0,29387064.0,40486652.0,35358467.0,65576.0,21651891.0
459,2021-04-06,4320771.0,29599651.0,40618616.0,35415946.0,65981.0,21740985.0
460,2021-04-07,4330797.0,29846419.0,40777807.0,35491242.0,66236.0,21823508.0
461,2021-04-08,4347302.0,30113821.0,40992952.0,35572691.0,66486.0,21972742.0
462,2021-04-09,4360038.0,30394199.0,41203100.0,35666200.0,66672.0,22129175.0
463,2021-04-10,4372731.0,30684958.0,41382579.0,35762108.0,67039.0,22275363.0
464,2021-04-11,4382708.0,30973958.0,41579703.0,35858769.0,67152.0,22427741.0
465,2021-04-12,4392328.0,31281967.0,41718648.0,35943852.0,67332.0,22567697.0
466,2021-04-13,4403581.0,31586126.0,41853747.0,36010929.0,67592.0,22670733.0
467,2021-04-14,4413462.0,31918284.0,42038584.0,36091948.0,67792.0,22767351.0
468,2021-04-15,4430848.0,32272478.0,42236423.0,36182934.0,68017.0,22915217.0
469,2021-04-16,4443184.0,32644845.0,42417646.0,36274095.0,68205.0,23058884.0
470,2021-04-17,4455840.0,33032837.0,42572454.0,36366786.0,68406.0,23199113.0
471,2021-04-18,4466490.0,33440667.0,42739631.0,36459062.0,68664.0,23341992.0
472,2021-04-19,4476097.0,33856570.0,42859714.0,36551806.0,68748.0,23479849.0
473,2021-04-20,4486077.0,34259847.0,42982044.0,36615069.0,68948.0,23588930.0
474,2021-04-21,4497147.0,34708233.0,43146010.0,36669287.0,69230.0,23675925.0
475,2021-04-22,4513944.0,35180973.0,43327083.0,36744811.0,69403.0,23815042.0
476,2021-04-23,4524976.0,35663204.0,43489619.0,36827731.0,69664.0,23964003.0
477,2021-04-24,4538984.0,36148251.0,43627053.0,36909681.0,69765.0,24075235.0
478,2021-04-25,4549262.0,36620734.0,43771055.0,36992923.0,69857.0,24205742.0
479,2021-04-26,4557923.0,37096107.0,43874859.0,37060791.0,70034.0,24342267.0
480,2021-04-27,4566418.0,37540772.0,43976337.0,37115040.0,70177.0,24438428.0
481,2021-04-28,4575474.0,38031266.0,44113684.0,37162209.0,70319.0,24522128.0
482,2021-04-29,4589125.0,38538975.0,44267631.0,37230393.0,70362.0,24657376.0
483,2021-04-30,4598557.0,39051421.0,44391327.0,37304130.0,70537.0,24804964.0
484,2021-05-01,4609554.0,39568623.0,44506666.0,37379870.0,70659.0,24929658.0
485,2021-05-02,4617621.0,40068979.0,44625789.0,37455237.0,70743.0,25050738.0
486,2021-05-03,4623998.0,40544917.0,44705546.0,37518623.0,70779.0,25182534.0
487,2021-05-04,4630115.0,41005530.0,44785575.0,37569139.0,70811.0,25269385.0
488,2021-05-05,4638491.0,41500661.0,44890255.0,37619470.0,70848.0,25346639.0
489,2021-05-06,4647905.0,42019295.0,45013495.0,37678427.0,71241.0,25479234.0
490,2021-05-07,4657782.0,42540075.0,45120892.0,37740940.0,71525.0,25613403.0
491,2021-05-08,4668553.0,43044662.0,45219393.0,37803509.0,71770.0,25742727.0
492,2021-05-09,4676809.0,43542086.0,45326588.0,37865786.0,71932.0,25872437.0
493,2021-05-10,4684395.0,43998473.0,45400973.0,37917064.0,72222.0,25998719.0
494,2021-05-11,4690918.0,44422008.0,45472234.0,37959692.0,72745.0,26101153.0
495,2021-05-12,4699619.0,44862452.0,45554770.0,37998222.0,73012.0,26176639.0
496,2021-05-13,4710354.0,45315818.0,45659254.0,38047836.0,73226.0,26313521.0
497,2021-05-14,4719006.0,45743893.0,45745695.0,38101878.0,73524.0,26457241.0
498,2021-05-15,4727652.0,46144644.0,45816506.0,38160473.0,73777.0,26594877.0
499,2021-05-16,4734747.0,46524469.0,45896180.0,38213994.0,73802.0,26738481.0
500,2021-05-17,4741811.0,46887738.0,45959030.0,38258520.0,74098.0,26882799.0
501,2021-05-18,4749158.0,47231919.0,46016737.0,38291472.0,74252.0,26995828.0
502,2021-05-19,4758989.0,47584425.0,46095632.0,38324798.0,74589.0,27092579.0
503,2021-05-20,4770462.0,47949415.0,46177980.0,38367193.0,74892.0,27238915.0
504,2021-05-21,4780897.0,48299257.0,46246517.0,38410952.0,75047.0,27398655.0
505,2021-05-22,4790726.0,48642711.0,46319754.0,38455430.0,75161.0,27553120.0
506,2021-05-23,4800849.0,48963493.0,46381145.0,38499814.0,75232.0,27688564.0
507,2021-05-24,4809336.0,49259042.0,46426171.0,38534143.0,75304.0,27833196.0
508,2021-05-25,4817594.0,49534225.0,46461213.0,38560369.0,75472.0,27933222.0
509,2021-05-26,4826175.0,49824103.0,46507035.0,38587497.0,75563.0,28044907.0
510,2021-05-27,4839128.0,50117766.0,46573032.0,38625672.0,75745.0,28203844.0
511,2021-05-28,4850469.0,50387832.0,46639183.0,38663649.0,76030.0,28372249.0
512,2021-05-29,4863167.0,50645980.0,46698938.0,38699992.0,76166.0,28514831.0
513,2021-05-30,4875674.0,50887612.0,46749854.0,38739571.0,76231.0,28629372.0
514,2021-05-31,4885212.0,51114489.0,46790557.0,38765990.0,76297.0,28790382.0
515,2021-06-01,4894839.0,51315719.0,46825482.0,38787300.0,76380.0,28908464.0
516,2021-06-02,4907297.0,51523322.0,46877926.0,38808858.0,76533.0,29014868.0
517,2021-06-03,4922459.0,51735830.0,46932617.0,38830873.0,76762.0,29171828.0
518,2021-06-04,4935069.0,51945974.0,46982600.0,38860192.0,76879.0,29349140.0
519,2021-06-05,4950304.0,52140653.0,47029335.0,38892174.0,77012.0,29503082.0
520,2021-06-06,4965636.0,52321482.0,47071842.0,38924468.0,77101.0,29613027.0
521,2021-06-07,4977355.0,52486222.0,47105716.0,38949288.0,77218.0,29760966.0
522,2021-06-08,4988246.0,52635683.0,47136603.0,38967589.0,77335.0,29875053.0
523,2021-06-09,5002225.0,52797741.0,47181339.0,38988892.0,77631.0,29979664.0
524,2021-06-10,5022125.0,52965687.0,47228831.0,39017245.0,77732.0,30098299.0
525,2021-06-11,5043173.0,53133062.0,47273960.0,39050162.0,77845.0,30257712.0
526,2021-06-12,5064875.0,53288661.0,47316889.0,39079797.0,77931.0,30413689.0
527,2021-06-13,5084294.0,53438962.0,47358348.0,39107970.0,78036.0,30561562.0
528,2021-06-14,5101287.0,53576462.0,47391890.0,39129825.0,78152.0,30717603.0
529,2021-06-15,5117491.0,53707272.0,47423695.0,39147378.0,78336.0,30827611.0
530,2021-06-16,5139574.0,53840738.0,47464056.0,39167573.0,78489.0,30929124.0
531,2021-06-17,5165357.0,53987090.0,47507118.0,39194402.0,78705.0,31073360.0
532,2021-06-18,5191227.0,54129371.0,47552492.0,39221422.0,78889.0,31241524.0
533,2021-06-19,5217662.0,54268944.0,47599198.0,39248859.0,79069.0,31381176.0
534,2021-06-20,5242028.0,54399432.0,47641934.0,39275089.0,79266.0,31535744.0
535,2021-06-21,5264778.0,54526217.0,47677755.0,39297683.0,79467.0,31675870.0
536,2021-06-22,5285431.0,54648872.0,47712245.0,39315107.0,79645.0,31787977.0
537,2021-06-23,5311688.0,54781436.0,47759875.0,39335857.0,79906.0,31885822.0
538,2021-06-24,5346387.0,54924358.0,47813788.0,39364180.0,80222.0,32040224.0
539,2021-06-25,5379723.0,55065843.0,47867749.0,39392908.0,80609.0,32223065.0
540,2021-06-26,5413164.0,55204317.0,47922456.0,39424903.0,80854.0,32363273.0
541,2021-06-27,5446252.0,55339087.0,47976113.0,39456260.0,81208.0,32501544.0
542,2021-06-28,5474649.0,55474147.0,48025403.0,39481442.0,81521.0,32636109.0
543,2021-06-29,5499457.0,55604433.0,48073946.0,39502234.0,81820.0,32737280.0
544,2021-06-30,5529081.0,55750235.0,48142129.0,39526937.0,82170.0,32826160.0
545,2021-07-01,5567247.0,55902622.0,48217898.0,39559655.0,82538.0,32949859.0
546,2021-07-02,5608005.0,56058835.0,48297131.0,39589192.0,83018.0,33053328.0
547,2021-07-03,5653442.0,56209968.0,48378670.0,39626051.0,83490.0,33172523.0
548,2021-07-04,5697575.0,56352665.0,48459792.0,39663037.0,83934.0,33286773.0
549,2021-07-05,5728084.0,56501990.0,48530011.0,39689840.0,84485.0,33400603.0
550,2021-07-06,5756655.0,56653931.0,48596792.0,39710394.0,84891.0,33483875.0
551,2021-07-07,5790888.0,56823007.0,48689958.0,39740191.0,85585.0,33560405.0
552,2021-07-08,5838328.0,56998911.0,48793618.0,39781599.0,86449.0,33679655.0
553,2021-07-09,5884856.0,57186047.0,48906392.0,39826995.0,87260.0,33780562.0
554,2021-07-10,5936639.0,57360786.0,49015046.0,40036198.0,88178.0,33878713.0
555,2021-07-11,5981018.0,57529765.0,49126721.0,40090422.0,88775.0,33974781.0
556,2021-07-12,6016177.0,57707685.0,49220076.0,40129641.0,89347.0,34074090.0
557,2021-07-13,6051477.0,57891519.0,49309412.0,40161903.0,90422.0,34142175.0
558,2021-07-14,6091342.0,58097402.0,49436431.0,40216875.0,91194.0,34204563.0
559,2021-07-15,6136199.0,58310567.0,49578077.0,40280350.0,91945.0,34292300.0
560,2021-07-16,6178884.0,58526289.0,49724137.0,40348688.0,93334.0,34393112.0
561,2021-07-17,6226046.0,58730726.0,49882220.0,40420383.0,94925.0,34482804.0
562,2021-07-18,6265183.0,58928363.0,50035080.0,40491032.0,96256.0,34561848.0
563,2021-07-19,6300420.0,59120404.0,50155608.0,40540777.0,97428.0,34639152.0
564,2021-07-20,6330679.0,59312424.0,50259634.0,40583528.0,98381.0,34711528.0
565,2021-07-21,6364980.0,59513681.0,50409437.0,40661830.0,99726.0,34764204.0
566,2021-07-22,6400045.0,59728134.0,50559413.0,40746164.0,101040.0,34825665.0
567,2021-07-23,6433257.0,59936595.0,50703244.0,40844140.0,102190.0,34913597.0
568,2021-07-24,6475278.0,60154016.0,50840780.0,40952470.0,102865.0,34992699.0
569,2021-07-25,6511802.0,60363931.0,50974404.0,41059674.0,103727.0,35127113.0
570,2021-07-26,6543262.0,60579885.0,51075879.0,41136225.0,104518.0,35199001.0
571,2021-07-27,6571013.0,60817545.0,51160563.0,41197835.0,106101.0,35251598.0
572,2021-07-28,6607932.0,61087776.0,51293766.0,41310299.0,107127.0,35297912.0
573,2021-07-29,6655475.0,61358048.0,51434891.0,41436864.0,108556.0,35369578.0
574,2021-07-30,6698440.0,61629368.0,51569135.0,41569052.0,110398.0,35448155.0
575,2021-07-31,6749727.0,61880891.0,51700748.0,41708110.0,111981.0,35513662.0
576,2021-08-01,6786066.0,62124176.0,51825416.0,41856707.0,113324.0,35574595.0
577,2021-08-02,6818414.0,62364435.0,51924865.0,41962365.0,114221.0,35641104.0
578,2021-08-03,6853100.0,62620149.0,52004104.0,42047482.0,116008.0,35689573.0
579,2021-08-04,6888175.0,62895297.0,52128796.0,42194877.0,117862.0,35730508.0
580,2021-08-05,6931084.0,63179351.0,52265718.0,42348302.0,119783.0,35788359.0
581,2021-08-06,6995496.0,63467341.0,52401566.0,42517487.0,121576.0,35856398.0
582,2021-08-07,7046661.0,63737134.0,52531676.0,42690707.0,123316.0,35916631.0
583,2021-08-08,7083340.0,63986839.0,52659090.0,42867820.0,124363.0,35975994.0
584,2021-08-09,7115914.0,64237115.0,52759368.0,43014384.0,125315.0,36042226.0
585,2021-08-10,7139187.0,64499744.0,52839061.0,43137851.0,127726.0,36076486.0
586,2021-08-11,7181296.0,64770544.0,52972238.0,43277900.0,129480.0,36106122.0
587,2021-08-12,7214493.0,65052046.0,53115529.0,43460909.0,131405.0,36161230.0
588,2021-08-13,7257210.0,65333459.0,53256238.0,43651459.0,133349.0,36213969.0
589,2021-08-14,7302036.0,65611217.0,53391279.0,43851744.0,135745.0,36267969.0
590,2021-08-15,7336851.0,65862304.0,53519742.0,44042403.0,136558.0,36313668.0
591,2021-08-16,7366632.0,66109424.0,53623332.0,44207569.0,137473.0,36357098.0
592,2021-08-17,7395934.0,66357270.0,53714041.0,44348915.0,140653.0,36387992.0
593,2021-08-18,7431865.0,66624307.0,53847224.0,44506392.0,143978.0,36418508.0
594,2021-08-19,7493636.0,66892398.0,53997171.0,44703610.0,146986.0,36474394.0
595,2021-08-20,7531795.0,67162125.0,54143276.0,44918828.0,150058.0,36532263.0
596,2021-08-21,7573075.0,67416219.0,54282471.0,45141118.0,152033.0,36580938.0
597,2021-08-22,7605138.0,67650349.0,54416075.0,45351331.0,153157.0,36625702.0
598,2021-08-23,7630571.0,67880013.0,54521020.0,45519057.0,154403.0,36668837.0
599,2021-08-24,7656976.0,68125035.0,54615450.0,45667238.0,158882.0,36697426.0
600,2021-08-25,7691039.0,68392775.0,54765480.0,45834395.0,161269.0,36722094.0
601,2021-08-26,7728071.0,68670550.0,54915405.0,46040937.0,162727.0,36766669.0
602,2021-08-27,7761914.0,68943475.0,55061009.0,46260088.0,164455.0,36810528.0
603,2021-08-28,7799946.0,69213247.0,55193925.0,46493103.0,165906.0,36850626.0
604,2021-08-29,7827275.0,69462338.0,55321928.0,46713395.0,167375.0,36886209.0
605,2021-08-30,7848996.0,69700801.0,55420515.0,46887339.0,169159.0,36923609.0
606,2021-08-31,7872491.0,69940507.0,55510510.0,47023104.0,171107.0,36948548.0
607,2021-09-01,7896911.0,70184870.0,55648906.0,47201360.0,173184.0,36968706.0
608,2021-09-02,7926849.0,70440400.0,55800798.0,47417688.0,176869.0,37003055.0
609,2021-09-03,7953846.0,70690919.0,55945250.0,47651834.0,178801.0,37040392.0
610,2021-09-04,7982039.0,70937261.0,56080521.0,47877132.0,180859.0,37075681.0
611,2021-09-05,8003513.0,71151661.0,56206233.0,48094770.0,182826.0,37108402.0
612,2021-09-06,8020178.0,71365759.0,56304168.0,48262098.0,184713.0,37140661.0
613,2021-09-07,8038670.0,71585731.0,56399090.0,48406144.0,186691.0,37162334.0
614,2021-09-08,8059525.0,71809120.0,56543519.0,48559751.0,188588.0,37178785.0
615,2021-09-09,8082096.0,72035524.0,56683239.0,48712729.0,192354.0,37201537.0
616,2021-09-10,8102767.0,72254393.0,56813760.0,48916980.0,194523.0,37224406.0
617,2021-09-11,8123559.0,72464823.0,56939589.0,49138179.0,196771.0,37262546.0
618,2021-09-12,8138887.0,72660661.0,57052948.0,49351305.0,199276.0,37285970.0
619,2021-09-13,8153466.0,72848845.0,57140620.0,49529322.0,201582.0,37308605.0
620,2021-09-14,8180713.0,73036389.0,57229590.0,49664514.0,204044.0,37327338.0
621,2021-09-15,8195186.0,73233287.0,57364453.0,49820772.0,205811.0,37340639.0
622,2021-09-16,8215712.0,73428933.0,57496216.0,50016063.0,208667.0,37362012.0
623,2021-09-17,8232322.0,73625193.0,57623664.0,50205869.0,212226.0,37385250.0
624,2021-09-18,8249229.0,73821729.0,57745588.0,50403050.0,215183.0,37427033.0
625,2021-09-19,8261077.0,73999230.0,57860534.0,50597808.0,217469.0,37445352.0
626,2021-09-20,8274356.0,74170803.0,57951007.0,50742664.0,219326.0,37603116.0
627,2021-09-21,8289102.0,74346816.0,58049147.0,50860713.0,221065.0,37618911.0
628,2021-09-22,8301534.0,74521175.0,58187630.0,50994481.0,223803.0,37633577.0
629,2021-09-23,8319881.0,74700844.0,58325414.0,51159189.0,226392.0,37640354.0
630,2021-09-24,8332847.0,74877560.0,58458120.0,51323360.0,229661.0,37684826.0
631,2021-09-25,8346440.0,75048712.0,58586008.0,51493910.0,231862.0,37716891.0
632,2021-09-26,8355969.0,75202146.0,58702279.0,51658104.0,234204.0,37742766.0
633,2021-09-27,8364121.0,75356143.0,58798220.0,51774938.0,236073.0,37766045.0
634,2021-09-28,8373219.0,75506671.0,58905243.0,51868076.0,238218.0,37781428.0
635,2021-09-29,8382739.0,75645840.0,59055816.0,52005094.0,241200.0,37802342.0
636,2021-09-30,8397169.0,75797855.0,59203701.0,52146097.0,243683.0,37825812.0
637,2021-10-01,8407313.0,75959092.0,59348475.0,52288452.0,246953.0,37852053.0
638,2021-10-02,8418291.0,76110060.0,59485787.0,52438199.0,249433.0,37886480.0
639,2021-10-03,8425065.0,76241661.0,59610334.0,52581400.0,252530.0,37911866.0
640,2021-10-04,8432150.0,76367717.0,59711383.0,52679294.0,254713.0,37932651.0
641,2021-10-05,8438889.0,76498596.0,59827685.0,52759841.0,257274.0,37948143.0
642,2021-10-06,8446634.0,76630336.0,59988938.0,52875683.0,260389.0,37964532.0
643,2021-10-07,8458138.0,76766501.0,60149784.0,53000665.0,263412.0,37992144.0
644,2021-10-08,8466161.0,76901845.0,60310205.0,53140672.0,266594.0,38017228.0
645,2021-10-09,8473835.0,77032770.0,60467828.0,53273397.0,269733.0,38040020.0
646,2021-10-10,8478688.0,77150938.0,60610582.0,53400489.0,272651.0,38065035.0
647,2021-10-11,8484560.0,77267589.0,60729653.0,53484458.0,275345.0,38087348.0
648,2021-10-12,8490055.0,77386883.0,60859704.0,53554852.0,277860.0,38102495.0
649,2021-10-13,8496516.0,77515276.0,61044181.0,53651077.0,280410.0,38115379.0
650,2021-10-14,8505485.0,77643500.0,61231322.0,53757002.0,283368.0,38129870.0
651,2021-10-15,8512385.0,77767725.0,61413811.0,53868822.0,286622.0,38145412.0
652,2021-10-16,8520257.0,77890889.0,61594985.0,53984032.0,289775.0,38167354.0
653,2021-10-17,8524665.0,78001849.0,61763488.0,54091751.0,292333.0,38189755.0
654,2021-10-18,8529473.0,78104171.0,61904183.0,54164933.0,294556.0,38208810.0
655,2021-10-19,8534833.0,78215412.0,62066848.0,54222364.0,297542.0,38221594.0
656,2021-10-20,8540134.0,78332915.0,62294362.0,54309940.0,299881.0,38235578.0
657,2021-10-21,8547099.0,78449034.0,62525029.0,54404066.0,303076.0,38255896.0
658,2021-10-22,8553771.0,78563047.0,62755399.0,54493272.0,306611.0,38279979.0
659,2021-10-23,8559899.0,78683729.0,62980159.0,54597002.0,309708.0,38304240.0
660,2021-10-24,8563387.0,78779488.0,63184306.0,54689486.0,312277.0,38326863.0
661,2021-10-25,8568685.0,78876313.0,63352821.0,54735100.0,314874.0,38346867.0
662,2021-10-26,8574633.0,78974425.0,63532689.0,54770063.0,317197.0,38359978.0
663,2021-10-27,8580075.0,79082349.0,63785404.0,54868350.0,319506.0,38372261.0
664,2021-10-28,8587268.0,79193612.0,64042898.0,54981539.0,321888.0,38393913.0
665,2021-10-29,8592600.0,79301037.0,64291992.0,55078211.0,324609.0,38419912.0
666,2021-10-30,8598079.0,79412724.0,64539041.0,55192080.0,327145.0,38443469.0
667,2021-10-31,8601941.0,79526893.0,64762121.0,55293279.0,329143.0,38463385.0
668,2021-11-01,8606322.0,79617514.0,64947816.0,55334774.0,330665.0,38482436.0
669,2021-11-02,8615938.0,79714517.0,65136765.0,55365213.0,332633.0,38496414.0
670,2021-11-03,8619212.0,79821765.0,65380395.0,55492019.0,334481.0,38507135.0
671,2021-11-04,8626009.0,79930961.0,65670537.0,55576073.0,336378.0,38520614.0
672,2021-11-05,8631888.0,80036282.0,65960890.0,55665881.0,338482.0,38543130.0
673,2021-11-06,8637455.0,80136226.0,66237388.0,55766063.0,340743.0,38565793.0
674,2021-11-07,8641300.0,80228790.0,66478126.0,55868988.0,342573.0,38587922.0
675,2021-11-08,8646043.0,80318178.0,66681255.0,55912322.0,344340.0,38609419.0
676,2021-11-09,8651390.0,80411643.0,66908804.0,55950124.0,346130.0,38623993.0
677,2021-11-10,8659262.0,80513310.0,67229179.0,56076384.0,347788.0,38637547.0
678,2021-11-11,8664571.0,80615358.0,67559968.0,56170416.0,349435.0,38657643.0
679,2021-11-12,8669969.0,80711537.0,67879472.0,56275638.0,351532.0,38680335.0
680,2021-11-13,8675290.0,80806455.0,68171562.0,56359953.0,353347.0,38705627.0
681,2021-11-14,8679276.0,80892435.0,68443139.0,56493458.0,355182.0,38731500.0
682,2021-11-15,8683331.0,80972368.0,68675111.0,56570508.0,356470.0,38755924.0
683,2021-11-16,8688335.0,81057432.0,68933187.0,56610883.0,357813.0,38769916.0
684,2021-11-17,8694345.0,81150463.0,69311817.0,56751444.0,359231.0,38781841.0
685,2021-11-18,8699747.0,81246669.0,69689421.0,56858515.0,361292.0,38796381.0
686,2021-11-19,8704689.0,81338657.0,70060604.0,56975103.0,363270.0,38819110.0
687,2021-11-20,8709914.0,81429407.0,70424506.0,57109453.0,365286.0,38841251.0
688,2021-11-21,8713927.0,81511356.0,70738876.0,57233835.0,366960.0,38864242.0
689,2021-11-22,8718282.0,81590489.0,71012883.0,57287566.0,368674.0,38883035.0
690,2021-11-23,8722647.0,81674661.0,71299903.0,57331666.0,370283.0,38898325.0
691,2021-11-24,8747490.0,81796769.0,71718612.0,57488102.0,371793.0,38910010.0
692,2021-11-25,8753094.0,81890837.0,72136412.0,57598692.0,373655.0,38931234.0
693,2021-11-26,8760269.0,81985104.0,72553652.0,57715190.0,375542.0,38955886.0
694,2021-11-27,8767288.0,82073480.0,72934109.0,57796987.0,377428.0,38979200.0
695,2021-11-28,8773580.0,82159733.0,73263692.0,57889055.0,379165.0,39002247.0
696,2021-11-29,8780068.0,82236912.0,73549856.0,57948617.0,380764.0,39023215.0
697,2021-11-30,8788606.0,82319606.0,73835495.0,58010568.0,383048.0,39036285.0
698,2021-12-01,8797949.0,82411449.0,74267636.0,58113020.0,384425.0,39049475.0
699,2021-12-02,8811839.0,82502535.0,74702550.0,58241826.0,386293.0,39069985.0
700,2021-12-03,8828454.0,82589565.0,75131686.0,58383905.0,388278.0,39092285.0
701,2021-12-04,8850821.0,82675698.0,75530871.0,58537229.0,390042.0,39115652.0
702,2021-12-05,8871727.0,82753299.0,75880053.0,58698027.0,391879.0,39136371.0
703,2021-12-06,8887368.0,82828572.0,76168333.0,58772269.0,393397.0,39156730.0
704,2021-12-07,8903610.0,82906573.0,76451282.0,58833881.0,394987.0,39170912.0
705,2021-12-08,8925691.0,82994353.0,76870422.0,59027263.0,396574.0,39183916.0
706,2021-12-09,8956902.0,83079911.0,77297328.0,59161581.0,398557.0,39204728.0
707,2021-12-10,8991879.0,83164156.0,77689301.0,59300822.0,400743.0,39227635.0
708,2021-12-11,9026923.0,83244524.0,78068658.0,59448459.0,402569.0,39247716.0
709,2021-12-12,9053049.0,83320894.0,78410287.0,59594082.0,404712.0,39265077.0
710,2021-12-13,9099447.0,83391124.0,78687042.0,59666117.0,406496.0,39281696.0
711,2021-12-14,9130183.0,83465688.0,78953909.0,59732478.0,408450.0,39295377.0
712,2021-12-15,9169117.0,83545739.0,79393684.0,59927890.0,410678.0,39310632.0
713,2021-12-16,9212420.0,83625780.0,79844279.0,60063839.0,413756.0,39328717.0
714,2021-12-17,9260541.0,83721396.0,80294728.0,60223021.0,417392.0,39349476.0
715,2021-12-18,9301369.0,83796109.0,80728710.0,60401051.0,421313.0,39366148.0
716,2021-12-19,9333401.0,83864252.0,81117396.0,60575682.0,425545.0,39382746.0
717,2021-12-20,9361037.0,83930466.0,81436540.0,60676626.0,429623.0,39402986.0
718,2021-12-21,9388323.0,83998369.0,81741288.0,60793391.0,433708.0,39422751.0
719,2021-12-22,9429483.0,84073038.0,82239443.0,61081982.0,438461.0,39447484.0
720,2021-12-23,9481779.0,84148068.0,82785197.0,61310852.0,444413.0,39477671.0
721,2021-12-24,9542047.0,84220434.0,83364539.0,61581390.0,453349.0,39503796.0
722,2021-12-25,9594487.0,84293605.0,83931917.0,61899860.0,462415.0,39524101.0
723,2021-12-26,9634415.0,84363344.0,84437389.0,62167624.0,472482.0,39550315.0
724,2021-12-27,9664195.0,84430695.0,84736279.0,62305884.0,482267.0,39596121.0
725,2021-12-28,9694827.0,84506803.0,85141277.0,62539991.0,492589.0,39655978.0
726,2021-12-29,9742918.0,84597149.0,85951368.0,63079690.0,504070.0,39724956.0
727,2021-12-30,9791300.0,84697760.0,86894234.0,63527921.0,522639.0,39805695.0
728,2021-12-31,9850274.0,84815124.0,87954513.0,64071020.0,544189.0,39873056.0
729,2022-01-01,9904868.0,84936388.0,89005223.0,64735243.0,577686.0,39933436.0
730,2022-01-02,9948285.0,85051215.0,89881462.0,65279373.0,613583.0,39988370.0
731,2022-01-03,9972062.0,85172602.0,90368891.0,65641223.0,646310.0,40098921.0
732,2022-01-04,10008821.0,85320071.0,91015167.0,66096922.0,683799.0,40214914.0
733,2022-01-05,10063574.0,85514791.0,92227927.0,67090096.0,731766.0,40355737.0
734,2022-01-06,10119664.0,85769275.0,93630256.0,67927035.0,797130.0,40528364.0
735,2022-01-07,10173436.0,86075505.0,94905957.0,68743583.0,869596.0,40721254.0
736,2022-01-08,10223743.0,86402305.0,95973330.0,69662061.0,948610.0,40909092.0
737,2022-01-09,10264979.0,86756811.0,97092419.0,70642431.0,1038574.0,41084716.0
738,2022-01-10,10299504.0,87145303.0,98029541.0,71184636.0,1112397.0,41332353.0
739,2022-01-11,10329389.0,87541053.0,98779114.0,71755012.0,1164366.0,41565540.0
740,2022-01-12,10385395.0,87982159.0,100140130.0,73167901.0,1233451.0,41798116.0
741,2022-01-13,10428884.0,88510936.0,101481713.0,74114544.0,1318067.0,42082961.0
742,2022-01-14,10473752.0,89061991.0,102731650.0,75122837.0,1388360.0,42400225.0
743,2022-01-15,10516292.0,89616290.0,103977460.0,76173241.0,1455501.0,42678292.0
744,2022-01-16,10552447.0,90170677.0,105149049.0,77224720.0,1516902.0,42967974.0
745,2022-01-17,10578499.0,90721236.0,106126389.0,77782813.0,1572447.0,43283634.0
746,2022-01-18,10603445.0,91285372.0,106972903.0,78277125.0,1617448.0,43546975.0
747,2022-01-19,10672205.0,91915742.0,108591105.0,79391564.0,1654713.0,43832063.0
748,2022-01-20,10714808.0,92589600.0,110234455.0,80389044.0,1704097.0,44207161.0
749,2022-01-21,10752448.0,93317516.0,111882570.0,81306134.0,1750156.0,44666582.0
750,2022-01-22,10788184.0,94039878.0,113479604.0,82235426.0,1792337.0,45063507.0
751,2022-01-23,10818839.0,94743372.0,114940372.0,83138369.0,1827431.0,45425486.0
752,2022-01-24,10843899.0,95426752.0,116148499.0,83541713.0,1860377.0,45804293.0
753,2022-01-25,10914232.0,96067718.0,117180889.0,83918851.0,1888245.0,46158786.0
754,2022-01-26,10947560.0,96780976.0,119104694.0,85028929.0,1914850.0,46413120.0
755,2022-01-27,10980692.0,97506152.0,120954392.0,85618634.0,1993040.0,46783242.0
756,2022-01-28,11013576.0,98196712.0,122740898.0,86273692.0,2029383.0,47192676.0
757,2022-01-29,11044186.0,98881489.0,124435918.0,86951198.0,2067190.0,47581658.0
758,2022-01-30,11068159.0,99550752.0,125870296.0,87566177.0,2097365.0,47996085.0
759,2022-01-31,11091510.0,100240005.0,127049272.0,87849994.0,2368869.0,48347444.0
760,2022-02-01,11112286.0,100870050.0,128156748.0,88052461.0,2402325.0,48617202.0
761,2022-02-02,11184749.0,101529916.0,129974002.0,88695511.0,2443175.0,48812028.0
762,2022-02-03,11210088.0,102233584.0,131682554.0,89064818.0,2483012.0,49139919.0
763,2022-02-04,11234574.0,102905646.0,133294698.0,89436757.0,2518194.0,49450610.0
764,2022-02-05,11257863.0,103567533.0,134759830.0,89847324.0,2548209.0,49865861.0
765,2022-02-06,11275129.0,104163644.0,135989475.0,90186970.0,2574829.0,50162730.0
766,2022-02-07,11292154.0,104727855.0,136985905.0,90335807.0,2598116.0,50477714.0
767,2022-02-08,11307226.0,105292558.0,137995376.0,90461037.0,2624978.0,50637342.0
768,2022-02-09,11357665.0,105935286.0,139779960.0,90799763.0,2654434.0,50787829.0
769,2022-02-10,11376851.0,106570213.0,141209856.0,91048684.0,2686787.0,51062680.0
770,2022-02-11,11396309.0,107166602.0,142539003.0,91292409.0,2717723.0,51332291.0
771,2022-02-12,11415251.0,107754320.0,143733668.0,91504509.0,2742677.0,51590519.0
772,2022-02-13,11427961.0,108250936.0,144699958.0,91700882.0,2763662.0,51836570.0
773,2022-02-14,11441882.0,108739194.0,145461655.0,91799274.0,2792053.0,52062143.0
774,2022-02-15,11455488.0,109240696.0,146265965.0,91880035.0,2831822.0,52190287.0
775,2022-02-16,11493837.0,109821922.0,147397544.0,92083179.0,2858843.0,52307399.0
776,2022-02-17,11511139.0,110417712.0,148494892.0,92223224.0,2888197.0,52499546.0
777,2022-02-18,11531246.0,111015969.0,149519798.0,92361268.0,2920279.0,52727116.0
778,2022-02-19,11543206.0,111591113.0,150450466.0,92494975.0,2948710.0,52924025.0
779,2022-02-20,11551004.0,112130197.0,151195734.0,92631020.0,2970945.0,53108728.0
780,2022-02-21,11568058.0,112607471.0,151783427.0,92692322.0,2989144.0,53285807.0
781,2022-02-22,11595670.0,113119378.0,152430999.0,92737248.0,3007203.0,53382299.0
782,2022-02-23,11646806.0,113745352.0,153351965.0,92806610.0,3035385.0,53461308.0
783,2022-02-24,11660535.0,114394088.0,154214563.0,92944641.0,3072434.0,53615814.0
784,2022-02-25,11672337.0,114991163.0,154994331.0,93043603.0,3111960.0,53803216.0
785,2022-02-26,11681365.0,115605692.0,155698905.0,93145343.0,3145453.0,53945325.0
786,2022-02-27,11689631.0,116182292.0,156263217.0,93240430.0,3181370.0,53989934.0
787,2022-02-28,11698667.0,116715109.0,156696173.0,93281633.0,3211783.0,54198684.0
788,2022-03-01,11715737.0,117274135.0,157209224.0,93309780.0,3250743.0,54255265.0
789,2022-03-02,11723709.0,117933344.0,157958844.0,93409511.0,3295461.0,54305059.0
790,2022-03-03,11732865.0,118621002.0,158698076.0,93490755.0,3345917.0,54365155.0
791,2022-03-04,11741711.0,119384720.0,159442314.0,93561370.0,3398760.0,54435712.0
792,2022-03-05,11750877.0,120112617.0,160156103.0,93631092.0,3443095.0,54533537.0
793,2022-03-06,11758210.0,120791411.0,160746718.0,93693768.0,3483435.0,54635304.0
794,2022-03-07,11764105.0,121453690.0,161226389.0,93720315.0,3523346.0,54729075.0
795,2022-03-08,11788577.0,122033124.0,161791142.0,93742671.0,3569717.0,54770699.0
796,2022-03-09,11795635.0,122821150.0,162640207.0,93817924.0,3622609.0,54813048.0
797,2022-03-10,11802508.0,123659041.0,163487825.0,93863034.0,3675768.0,54910694.0
798,2022-03-11,11810659.0,124397831.0,164321549.0,93925665.0,3735679.0,54995848.0
799,2022-03-12,11824053.0,125184831.0,165110325.0,93982221.0,3784247.0,55079476.0
800,2022-03-13,11828414.0,126177039.0,165762723.0,94034552.0,3828301.0,55161571.0
801,2022-03-14,11831996.0,126893713.0,166257836.0,94056963.0,3872496.0,55231125.0
802,2022-03-15,11844059.0,127687534.0,166881765.0,94074769.0,3916975.0,55268986.0
803,2022-03-16,11849172.0,128451217.0,167824638.0,94148436.0,4195888.0,55297760.0
804,2022-03-17,11853987.0,129536194.0,168778821.0,94187964.0,4274215.0,55372462.0
805,2022-03-18,11858413.0,130481270.0,169689054.0,94239887.0,4341771.0,55453779.0
806,2022-03-19,11862100.0,131223568.0,170513561.0,94295675.0,4409217.0,55525418.0
807,2022-03-20,11865223.0,132137912.0,171163260.0,94339221.0,4469420.0,55589593.0
808,2022-03-21,11873273.0,132665231.0,171663407.0,94360993.0,4526521.0,55652308.0
809,2022-03-22,11875802.0,133281590.0,172291291.0,94379485.0,4586106.0,55680133.0
810,2022-03-23,11891356.0,134159616.0,173285576.0,94431001.0,4659684.0,55702467.0
811,2022-03-24,11894945.0,134847256.0,174231893.0,94472786.0,4741396.0,55757411.0
812,2022-03-25,11899185.0,135467941.0,175126069.0,94527646.0,4821892.0,55821548.0
813,2022-03-26,11902592.0,136117600.0,175919339.0,94582027.0,4897470.0,55873291.0
814,2022-03-27,11905418.0,136733734.0,176554535.0,94622692.0,4961710.0,55920352.0
815,2022-03-28,11912070.0,137155056.0,177017206.0,94646764.0,5023761.0,55933848.0
816,2022-03-29,11923973.0,137887877.0,177538828.0,94666572.0,5087034.0,55983769.0
817,2022-03-30,11929107.0,138565726.0,178467939.0,94709256.0,5163637.0,56001540.0
818,2022-03-31,11932269.0,139122416.0,179278656.0,94754969.0,5251883.0,56042917.0
819,2022-04-01,11935750.0,139639396.0,180029384.0,94817454.0,5326140.0,56087620.0
820,2022-04-02,11938824.0,140137094.0,180664812.0,94873900.0,5400098.0,56128837.0
821,2022-04-03,11941218.0,140566165.0,181150764.0,94913771.0,5464496.0,56164588.0
822,2022-04-04,11946835.0,140920016.0,181489845.0,94939065.0,5526590.0,56190068.0
823,2022-04-05,11961214.0,141342356.0,181861090.0,94961444.0,5578642.0,56203744.0
824,2022-04-06,11964075.0,141809809.0,182579490.0,95000588.0,5657952.0,56222145.0
825,2022-04-07,11967477.0,142225964.0,183322486.0,95059596.0,5732424.0,56257497.0
826,2022-04-08,11970018.0,142651439.0,183903880.0,95115320.0,5806946.0,56293759.0
827,2022-04-09,11972256.0,143027820.0,184429957.0,95165175.0,5875391.0,56327307.0
828,2022-04-10,11974359.0,143341599.0,184856321.0,95221347.0,5938850.0,56363828.0
829,2022-04-11,11978769.0,143566557.0,185171398.0,95251879.0,5990090.0,56392753.0
830,2022-04-12,11980449.0,143920238.0,185482773.0,95281020.0,6041654.0,56404997.0
831,2022-04-13,11996478.0,144252814.0,186093812.0,95333124.0,6098454.0,56418045.0
832,2022-04-14,11998929.0,144544864.0,186614770.0,95381067.0,6162748.0,56446344.0
833,2022-04-15,12002060.0,144751874.0,187106297.0,95441037.0,6224633.0,56479706.0
834,2022-04-16,12004778.0,145093587.0,187464299.0,95519487.0,6281267.0,56508640.0
835,2022-04-17,12006565.0,145303961.0,187782552.0,95571093.0,6330511.0,56526869.0
836,2022-04-18,12008010.0,145452371.0,188035301.0,95602308.0,6366818.0,56545750.0
837,2022-04-19,12010152.0,145691317.0,188185682.0,95625676.0,6420222.0,56550575.0
838,2022-04-20,12013237.0,145907726.0,188514271.0,95690904.0,6462564.0,56561117.0
839,2022-04-21,12016846.0,146113915.0,189089317.0,95763592.0,6524702.0,56579575.0
840,2022-04-22,12036297.0,146324777.0,189537847.0,95833535.0,6588691.0,56621349.0
841,2022-04-23,12041874.0,146503697.0,189922641.0,95900359.0,6646707.0,56644208.0
842,2022-04-24,12046575.0,146666278.0,190215321.0,95983147.0,6690629.0,56670073.0
843,2022-04-25,12050844.0,146789398.0,190419011.0,96024159.0,6727263.0,56680318.0
844,2022-04-26,12054219.0,146946249.0,190646778.0,96053677.0,6778032.0,56687038.0
845,2022-04-27,12073533.0,147152610.0,190999800.0,96122029.0,6823910.0,56696060.0
846,2022-04-28,12080985.0,147310759.0,191382188.0,96211075.0,6877023.0,56721472.0
847,2022-04-29,12082176.0,147459915.0,191713575.0,96305112.0,6933971.0,56746877.0
848,2022-04-30,12092137.0,147587481.0,191993596.0,96383948.0,6984164.0,56770591.0
849,2022-05-01,12099335.0,147696903.0,192212652.0,96477241.0,7020930.0,56801955.0
850,2022-05-02,12104343.0,147789501.0,192363519.0,96518705.0,7071660.0,56820776.0
851,2022-05-03,12118327.0,147906209.0,192527075.0,96551824.0,7109129.0,56829439.0
852,2022-05-04,12122682.0,148029431.0,192836299.0,96632195.0,7338247.0,56838078.0
853,2022-05-05,12139741.0,148151479.0,193119484.0,96728858.0,7392504.0,56862959.0
854,2022-05-06,12140675.0,148256519.0,193382285.0,96847763.0,7455696.0,56887550.0
855,2022-05-07,12151922.0,148383471.0,193618036.0,96949128.0,7504588.0,56915347.0
856,2022-05-08,12161240.0,148528663.0,193802710.0,97054857.0,7510356.0,56959247.0
857,2022-05-09,12167649.0,148658873.0,193932652.0,97098431.0,7597029.0,56977905.0
858,2022-05-10,12180075.0,148808462.0,194091500.0,97137122.0,7643093.0,56986583.0
859,2022-05-11,12188596.0,148971813.0,194395018.0,97256368.0,7699496.0,56998550.0
860,2022-05-12,12199680.0,149137191.0,194651197.0,97385701.0,7766614.0,57023070.0
861,2022-05-13,12209623.0,149310690.0,194882808.0,97533743.0,7832317.0,57053671.0
862,2022-05-14,12219182.0,149470034.0,195098915.0,97650876.0,7839942.0,57082346.0
863,2022-05-15,12228463.0,149622741.0,195262843.0,97783344.0,7900407.0,57153212.0
864,2022-05-16,12239604.0,149760658.0,195372379.0,97827478.0,8004836.0,57175952.0
865,2022-05-17,12243709.0,149902149.0,195498589.0,97880806.0,8055210.0,57187255.0
866,2022-05-18,12250812.0,150056189.0,195762743.0,98022439.0,8128342.0,57203856.0
867,2022-05-19,12260712.0,150236288.0,195968543.0,98183370.0,8194810.0,57236286.0
868,2022-05-20,12269284.0,150415629.0,196153422.0,98351106.0,8257242.0,57257821.0
869,2022-05-21,12277395.0,150586017.0,196321752.0,98480037.0,8314150.0,57280683.0
870,2022-05-22,12283749.0,150744378.0,196452739.0,98644404.0,8319248.0,57350572.0
871,2022-05-23,12288096.0,150883918.0,196539516.0,98693906.0,8413467.0,57373884.0
872,2022-05-24,12294398.0,151017418.0,196635166.0,98744833.0,8454312.0,57392886.0
873,2022-05-25,12300708.0,151176412.0,196835212.0,98873251.0,8505722.0,57410031.0
874,2022-05-26,12307533.0,151341614.0,196991948.0,99038355.0,8559749.0,57449882.0
875,2022-05-27,12312768.0,151492619.0,197117583.0,99207180.0,8612923.0,57469983.0
876,2022-05-28,12317716.0,151649809.0,197237014.0,99344588.0,8619278.0,57519367.0
877,2022-05-29,12323026.0,151787014.0,197342799.0,99506851.0,8664207.0,57632044.0
878,2022-05-30,12326320.0,151907516.0,197424560.0,99555541.0,8731627.0,57667004.0
879,2022-05-31,12328566.0,152021161.0,197519540.0,99597897.0,8768336.0,57681860.0
880,2022-06-01,12336006.0,152159049.0,197714095.0,99668170.0,8810973.0,57710882.0
881,2022-06-02,12344411.0,152298582.0,197881414.0,99859701.0,8854588.0,57761410.0
882,2022-06-03,12349955.0,152430385.0,198039251.0,100017260.0,8896014.0,57813797.0
883,2022-06-04,12354164.0,152558018.0,198177675.0,100146841.0,8934353.0,57877502.0
884,2022-06-05,12358204.0,152662216.0,198295036.0,100307316.0,8939560.0,57980367.0
885,2022-06-06,12361088.0,152780521.0,198382530.0,100366091.0,8979168.0,58007320.0
886,2022-06-07,12363245.0,152870568.0,198444394.0,100415562.0,9018521.0,58023336.0
887,2022-06-08,12373391.0,153006454.0,198634260.0,100549357.0,9055744.0,58064728.0
888,2022-06-09,12379206.0,153143962.0,198869999.0,100719451.0,9097767.0,58147553.0
889,2022-06-10,12384275.0,153272418.0,199084726.0,100886507.0,9137578.0,58211897.0
890,2022-06-11,12389543.0,153386935.0,199248498.0,101021993.0,9173708.0,58282960.0
891,2022-06-12,12393200.0,153529305.0,199350727.0,101185570.0,9178371.0,58399176.0
892,2022-06-13,12398593.0,153624491.0,199508851.0,101232915.0,9189458.0,58440924.0
893,2022-06-14,12401678.0,153719379.0,199655125.0,101277718.0,9189788.0,58464197.0
894,2022-06-15,12408026.0,153844522.0,199932576.0,101404591.0,9284392.0,58510991.0
895,2022-06-16,12414015.0,153974782.0,200175532.0,101562327.0,9320441.0,58567747.0
896,2022-06-17,12420503.0,154098318.0,200380179.0,101725334.0,9358310.0,58653954.0
897,2022-06-18,12426083.0,154213432.0,200604916.0,101869852.0,9393763.0,58719796.0
898,2022-06-19,12439205.0,154330171.0,200778202.0,102014189.0,9397218.0,58799233.0
899,2022-06-20,12443750.0,154445481.0,200922655.0,102061393.0,9452196.0,58834723.0
900,2022-06-21,12447934.0,154539888.0,201110436.0,102103521.0,9479107.0,58856347.0
901,2022-06-22,12456934.0,154667428.0,201537413.0,102203894.0,9515043.0,58914253.0
902,2022-06-23,12463858.0,154791245.0,201875077.0,102415617.0,9553373.0,58991292.0
903,2022-06-24,12471233.0,154916335.0,202208978.0,102581270.0,9585740.0,59076945.0
904,2022-06-25,12479731.0,155038983.0,202573028.0,102738587.0,9626570.0,59189048.0
905,2022-06-26,12487832.0,155170968.0,202814785.0,102931345.0,9632840.0,59298808.0
906,2022-06-27,12492737.0,155281652.0,203009108.0,102991116.0,9698923.0,59353983.0
907,2022-06-28,12496881.0,155387693.0,203257561.0,103046438.0,9722604.0,59384369.0
908,2022-06-29,12508925.0,155519618.0,203782188.0,103197040.0,9759666.0,59443941.0
909,2022-06-30,12516664.0,155634232.0,204236727.0,103391478.0,9813274.0,59532242.0
910,2022-07-01,12523875.0,155789543.0,204684610.0,103580138.0,9858954.0,59626931.0
911,2022-07-02,12530869.0,155917001.0,205180597.0,103759162.0,9890844.0,59749431.0
912,2022-07-03,12536040.0,156096341.0,205508260.0,103969987.0,9896610.0,59874960.0
913,2022-07-04,12539682.0,156216603.0,205772785.0,104037368.0,9967649.0,59930346.0
914,2022-07-05,12543504.0,156345991.0,206042899.0,104097461.0,10011856.0,59960092.0
915,2022-07-06,12563586.0,156501241.0,206737114.0,104206834.0,10059552.0,60015495.0
916,2022-07-07,12572265.0,156667065.0,207254690.0,104422018.0,10093716.0,60106112.0
917,2022-07-08,12577477.0,156833275.0,207775593.0,104616706.0,10150897.0,60204829.0
918,2022-07-09,12583161.0,156997840.0,208306843.0,104816202.0,10219811.0,60335698.0
919,2022-07-10,12589287.0,157274064.0,208647537.0,105042552.0,10227312.0,60462375.0
920,2022-07-11,12592659.0,157424152.0,208959372.0,105119068.0,10302240.0,60525198.0
921,2022-07-12,12595461.0,157590381.0,209275577.0,105191447.0,10345452.0,60540763.0
922,2022-07-13,12618998.0,157791285.0,209926959.0,105376165.0,10399859.0,60623009.0
923,2022-07-14,12623729.0,158033058.0,210410699.0,105611194.0,10456685.0,60707934.0
924,2022-07-15,12631669.0,158269607.0,210867943.0,105819503.0,10515259.0,60809363.0
925,2022-07-16,12637245.0,158509343.0,211245212.0,106039937.0,10524869.0,60938399.0
926,2022-07-17,12640174.0,158974259.0,211566349.0,106275090.0,10531577.0,61114709.0
927,2022-07-18,12644076.0,159205420.0,211935624.0,106352478.0,10658924.0,61187117.0
928,2022-07-19,12674258.0,159461230.0,212196880.0,106422254.0,10706932.0,61216332.0
929,2022-07-20,12678526.0,159736455.0,212754976.0,106589129.0,10765152.0,61275786.0
930,2022-07-21,12686344.0,160044223.0,213151189.0,106812185.0,10840993.0,61359677.0
931,2022-07-22,12689629.0,160403498.0,213525251.0,107017097.0,10906093.0,61449391.0
932,2022-07-23,12692507.0,160765763.0,213875053.0,107242393.0,10967423.0,61563922.0
933,2022-07-24,12696566.0,161489344.0,214111744.0,107485229.0,10973162.0,61646100.0
934,2022-07-25,12699556.0,161790984.0,214425495.0,107550654.0,11063920.0,61749926.0
935,2022-07-26,12703020.0,162145830.0,214656136.0,107627505.0,11111554.0,61782051.0
936,2022-07-27,12727110.0,162546296.0,215102799.0,107768673.0,11168774.0,61828630.0
937,2022-07-28,12729736.0,162948694.0,215420133.0,107972270.0,11225260.0,61897419.0
938,2022-07-29,12733504.0,163362875.0,215704268.0,108172292.0,11281689.0,61976690.0
939,2022-07-30,12736255.0,163761810.0,215972868.0,108385285.0,11334974.0,62080191.0
940,2022-07-31,12738928.0,164540731.0,216148353.0,108690946.0,11341044.0,62200407.0
941,2022-08-01,12740783.0,164875131.0,216411112.0,108741192.0,11432649.0,62244669.0
942,2022-08-02,12743784.0,165254524.0,216588622.0,108786926.0,11469561.0,62286728.0
943,2022-08-03,12751754.0,165677102.0,216931815.0,108933819.0,11511869.0,62324439.0
944,2022-08-04,12760279.0,166115779.0,217172878.0,109117741.0,11559759.0,62384934.0
945,2022-08-05,12761896.0,166976345.0,217399234.0,109290685.0,11602954.0,62446247.0
946,2022-08-06,12764250.0,167393783.0,217617792.0,109488022.0,11643158.0,62531269.0
947,2022-08-07,12767017.0,168199727.0,217761343.0,109664290.0,11646482.0,62632480.0
948,2022-08-08,12768866.0,168545146.0,217986027.0,109706935.0,11700320.0,62672448.0
949,2022-08-09,12770070.0,168936383.0,218140217.0,109745202.0,11726618.0,62695094.0
950,2022-08-10,12771330.0,169379039.0,218417470.0,109863499.0,11760181.0,62724964.0
951,2022-08-11,12778261.0,169822702.0,218624838.0,110019706.0,11792514.0,62780614.0
952,2022-08-12,12784501.0,170284455.0,218812088.0,110175226.0,11823632.0,62841204.0
953,2022-08-13,12786695.0,170675365.0,219002915.0,110355912.0,11850474.0,62905751.0
954,2022-08-14,12789235.0,171180851.0,219131069.0,110511766.0,11853298.0,62985963.0
955,2022-08-15,12791092.0,171495228.0,219318585.0,110548991.0,11894982.0,63027575.0
956,2022-08-16,12792156.0,171804421.0,219448983.0,110573954.0,11915379.0,63046469.0
957,2022-08-17,12795307.0,172248997.0,219646083.0,110686753.0,11942875.0,63065378.0
958,2022-08-18,12802785.0,172709352.0,219864280.0,110826545.0,11969520.0,63104329.0
959,2022-08-19,12803972.0,173187599.0,220054355.0,110959117.0,11994865.0,63150312.0
960,2022-08-20,12805829.0,173632679.0,220232163.0,111125063.0,12015384.0,63203637.0
961,2022-08-21,12806894.0,174137630.0,220360708.0,111273890.0,12019152.0,63268667.0
962,2022-08-22,12808059.0,174481989.0,220530654.0,111306590.0,12047371.0,63305143.0
963,2022-08-23,12809398.0,174875787.0,220667976.0,111337433.0,12060933.0,63322675.0
964,2022-08-24,12811366.0,175276771.0,220901026.0,111433537.0,12080747.0,63337133.0
965,2022-08-25,12814021.0,175712383.0,221082477.0,111557760.0,12099568.0,63372659.0
966,2022-08-26,12821056.0,176111368.0,221247960.0,111709238.0,12116389.0,63408399.0
967,2022-08-27,12822643.0,176457051.0,221415888.0,111852843.0,12130089.0,63452293.0
968,2022-08-28,12823467.0,176652237.0,221540518.0,111983252.0,12134269.0,63505524.0
969,2022-08-29,12824831.0,177088401.0,221704458.0,112017597.0,12157285.0,63529480.0
970,2022-08-30,12826225.0,177380879.0,221835123.0,112046883.0,12169216.0,63540840.0
971,2022-08-31,12827631.0,177692080.0,222054218.0,112145325.0,12184216.0,63558632.0
972,2022-09-01,12829063.0,178023447.0,222225105.0,112269925.0,12200084.0,63584749.0
973,2022-09-02,12837065.0,178335059.0,222377978.0,112406900.0,12213960.0,63609062.0
974,2022-09-03,12838251.0,178610414.0,222539527.0,112538864.0,12224773.0,63639539.0
975,2022-09-04,12838733.0,178896445.0,222653785.0,112653221.0,12228129.0,63674929.0
976,2022-09-05,12840078.0,179107731.0,222805457.0,112681747.0,12245266.0,63695153.0
977,2022-09-06,12841613.0,179345412.0,222931671.0,112708064.0,12254089.0,63710543.0
978,2022-09-07,12842135.0,179598874.0,223139241.0,112734881.0,12265506.0,63714129.0
979,2022-09-08,12847829.0,179871557.0,223304423.0,112861202.0,12277589.0,63736476.0
980,2022-09-09,12849282.0,180126974.0,223468090.0,112957522.0,12288254.0,63752009.0
981,2022-09-10,12850028.0,180235385.0,223629782.0,113081576.0,12296718.0,63766333.0
982,2022-09-11,12851182.0,180346330.0,223755282.0,113170765.0,12299016.0,63796281.0
983,2022-09-12,12852559.0,180716947.0,223911099.0,113195548.0,12300268.0,63812800.0
984,2022-09-13,12853837.0,180891399.0,224053357.0,113217103.0,12320960.0,63816959.0
985,2022-09-14,12854967.0,181140098.0,224290518.0,113282386.0,12321551.0,63827494.0
986,2022-09-15,12858557.0,181389994.0,224487452.0,113344683.0,12337020.0,63843329.0
987,2022-09-16,12859311.0,181604607.0,224683540.0,113439176.0,12344982.0,63864072.0
988,2022-09-17,12860147.0,181716919.0,224877073.0,113563335.0,12345153.0,63881282.0
989,2022-09-18,12861074.0,181835669.0,225024136.0,113628727.0,12364314.0,63904006.0
990,2022-09-19,12861756.0,182132512.0,225206420.0,113648260.0,12376138.0,63910193.0
991,2022-09-20,12862998.0,182276497.0,225361965.0,113669268.0,12376264.0,63917972.0
992,2022-09-21,12863514.0,182447446.0,225625800.0,113716729.0,12383207.0,63924927.0
993,2022-09-22,12865689.0,182595277.0,225844298.0,113770648.0,12389920.0,63938237.0
994,2022-09-23,12867740.0,182769780.0,226059093.0,113858521.0,12389946.0,63951984.0
995,2022-09-24,12868410.0,182920510.0,226275103.0,113985625.0,12390053.0,63968625.0
996,2022-09-25,12868665.0,183075170.0,226433222.0,114043292.0,12390078.0,63988030.0
997,2022-09-26,12869586.0,183196002.0,226602396.0,114061881.0,12390590.0,63999773.0
998,2022-09-27,12870251.0,183335517.0,226830314.0,114078117.0,12400403.0,64004602.0
999,2022-09-28,12871583.0,183440528.0,227174407.0,114118875.0,12475531.0,64012961.0
1000,2022-09-29,12873789.0,183611675.0,227454991.0,114163835.0,12476911.0,64026206.0
1001,2022-09-30,12874913.0,183750019.0,227721857.0,114245103.0,12478775.0,64039334.0
1002,2022-10-01,12875331.0,183907156.0,227978825.0,114360837.0,12489166.0,64054547.0
1003,2022-10-02,12875774.0,184054767.0,228162377.0,114411012.0,12489172.0,64072751.0
1004,2022-10-03,12876498.0,184128368.0,228349985.0,114424574.0,12490150.0,64082943.0
1005,2022-10-04,12876874.0,184213835.0,228503815.0,114439720.0,12491849.0,64086821.0
1006,2022-10-05,12878000.0,184360469.0,228894232.0,114474648.0,12491900.0,64093847.0
1007,2022-10-06,12879194.0,184505996.0,229248598.0,114515681.0,12494950.0,64105281.0
1008,2022-10-07,12880155.0,184628588.0,229587693.0,114583459.0,12495633.0,64117351.0
1009,2022-10-08,12881208.0,184768934.0,229900850.0,114688977.0,12495716.0,64131649.0
1010,2022-10-09,12881845.0,184903104.0,230094144.0,114733418.0,12495741.0,64147534.0
1011,2022-10-10,12883384.0,184976044.0,230287224.0,114746302.0,12507531.0,64155026.0
1012,2022-10-11,12884314.0,185071565.0,230557359.0,114760277.0,12507672.0,64158100.0
1013,2022-10-12,12885157.0,185215679.0,230953423.0,114786524.0,12543751.0,64164764.0
1014,2022-10-13,12889208.0,185365641.0,231272359.0,114827601.0,12543764.0,64174978.0
1015,2022-10-14,12890345.0,185504003.0,231560576.0,114887283.0,12546462.0,64185601.0
1016,2022-10-15,12891444.0,185625681.0,231835115.0,114986034.0,12577471.0,64197354.0
1017,2022-10-16,12892187.0,185769367.0,232003931.0,115023090.0,12591509.0,64210409.0
1018,2022-10-17,12893593.0,185860314.0,232182531.0,115030730.0,12606016.0,64217533.0
1019,2022-10-18,12894368.0,185983074.0,232406584.0,115042368.0,12606045.0,64221822.0
1020,2022-10-19,12895238.0,186126305.0,232757609.0,115078731.0,12606071.0,64230258.0
1021,2022-10-20,12896470.0,186257679.0,233030964.0,115120409.0,12606086.0,64244611.0
1022,2022-10-21,12897543.0,186376728.0,233267375.0,115122835.0,12606095.0,64260021.0
1023,2022-10-22,12898869.0,186489624.0,233495038.0,115343575.0,12638346.0,64272481.0
1024,2022-10-23,12899197.0,186622589.0,233626288.0,115345715.0,12638353.0,64286486.0
1025,2022-10-24,12900427.0,186705698.0,233774877.0,115347268.0,12638373.0,64294716.0
1026,2022-10-25,12901547.0,186844065.0,233939356.0,115347815.0,12638400.0,64300562.0
1027,2022-10-26,12902572.0,186990370.0,234194673.0,115350692.0,12638520.0,64313456.0
1028,2022-10-27,12903424.0,187131432.0,234384917.0,115353362.0,12638520.0,64326567.0
1029,2022-10-28,12904520.0,187264116.0,234549811.0,115610954.0,12638543.0,64343526.0
1030,2022-10-29,12905414.0,187403689.0,234708519.0,115637820.0,12717008.0,64359989.0
1031,2022-10-30,12905929.0,187542301.0,234798182.0,115640946.0,12717135.0,64376502.0
1032,2022-10-31,12907568.0,187632176.0,234915595.0,115641922.0,12717171.0,64384745.0
1033,2022-11-01,12910045.0,187797882.0,235012949.0,115642121.0,12717207.0,64390400.0
1034,2022-11-02,12910817.0,187981954.0,235153527.0,115642962.0,12717246.0,64397751.0
1035,2022-11-03,12912134.0,188148706.0,235269207.0,115645071.0,12717336.0,64409939.0
1036,2022-11-04,12913188.0,188281223.0,235434495.0,115917159.0,12717342.0,64416961.0
1037,2022-11-05,12914182.0,188441407.0,235577930.0,115941571.0,12717507.0,64433446.0
1038,2022-11-06,12914909.0,188605534.0,235662097.0,115944974.0,12717571.0,64448450.0
1039,2022-11-07,12916337.0,188697341.0,235787334.0,115947003.0,12717587.0,64458902.0
1040,2022-11-08,12918178.0,188884001.0,235885191.0,115947853.0,12867432.0,64465901.0
1041,2022-11-09,12919431.0,188992470.0,236046699.0,115949961.0,12868162.0,64474232.0
1042,2022-11-10,12921569.0,189181728.0,236170728.0,115951935.0,12868192.0,64496040.0
1043,2022-11-11,12923041.0,189358044.0,236288234.0,116240603.0,12868322.0,64515749.0
1044,2022-11-12,12924742.0,189607773.0,236416338.0,116262249.0,12868387.0,64538450.0
1045,2022-11-13,12926314.0,189778226.0,236476911.0,116265738.0,12869317.0,64568711.0
1046,2022-11-14,12927887.0,189876696.0,236603800.0,116266479.0,12869340.0,64582724.0
1047,2022-11-15,12930025.0,190091927.0,236690314.0,116268012.0,12892579.0,64588410.0
1048,2022-11-16,12932313.0,190308318.0,236859930.0,116269485.0,12895839.0,64600064.0
1049,2022-11-17,12934291.0,190502593.0,236991632.0,116273266.0,12895881.0,64611400.0
1050,2022-11-18,12936426.0,190594278.0,237118025.0,116553117.0,12896026.0,64637062.0
1051,2022-11-19,12938253.0,190858443.0,237263688.0,116573580.0,12896136.0,64680041.0
1052,2022-11-20,12939601.0,191016713.0,237369764.0,116580917.0,12896156.0,64721265.0
1053,2022-11-21,12940898.0,191119202.0,237484038.0,116582969.0,12896182.0,64741498.0
1054,2022-11-22,12943095.0,191349866.0,237569684.0,116583588.0,13081483.0,64751846.0
1055,2022-11-23,12944647.0,191593566.0,237757564.0,116585878.0,13081560.0,64779777.0
1056,2022-11-24,12946627.0,191754008.0,237904972.0,116589802.0,13081574.0,64807083.0
1057,2022-11-25,12949649.0,191845367.0,238051017.0,116894035.0,13081752.0,64850209.0
1058,2022-11-26,12951058.0,192179394.0,238210329.0,116915047.0,13082093.0,64887443.0
1059,2022-11-27,12953414.0,192358069.0,238320296.0,116925490.0,13107341.0,64948631.0
1060,2022-11-28,12955243.0,192461325.0,238448324.0,116930571.0,13107381.0,64963743.0
1061,2022-11-29,12956424.0,192702056.0,238539053.0,116931909.0,13107610.0,64988978.0
1062,2022-11-30,12957393.0,192945651.0,238762831.0,116936048.0,13218254.0,65013592.0
1063,2022-12-01,12957801.0,193158751.0,238938724.0,116942393.0,13218306.0,65071667.0
1064,2022-12-02,12960966.0,193357531.0,239108189.0,117251710.0,13218569.0,65129516.0
1065,2022-12-03,12962177.0,193555122.0,239278542.0,117275445.0,13218603.0,65184507.0
1066,2022-12-04,12965447.0,193721883.0,239397269.0,117287406.0,13250504.0,65250891.0
1067,2022-12-05,12967172.0,193822790.0,239532844.0,117292299.0,13250514.0,65293546.0
1068,2022-12-06,12967989.0,194069836.0,239627702.0,117294215.0,13250878.0,65312607.0
1069,2022-12-07,12968869.0,194328990.0,239870721.0,117299533.0,13253025.0,65346335.0
1070,2022-12-08,12969586.0,194563019.0,240057710.0,117306419.0,13401657.0,65418770.0
1071,2022-12-09,12971840.0,194786552.0,240232988.0,117777111.0,13401878.0,65489598.0
1072,2022-12-10,12973038.0,195460490.0,240390117.0,117807829.0,13401924.0,65544163.0
1073,2022-12-11,12974097.0,196189555.0,240520813.0,117822776.0,13401982.0,65590786.0
1074,2022-12-12,12977608.0,197045890.0,240670430.0,117829650.0,13402065.0,65637937.0
1075,2022-12-13,12978213.0,198216863.0,240772256.0,117833026.0,13402191.0,65652604.0
1076,2022-12-14,12979019.0,199531473.0,241006489.0,117839830.0,13402355.0,65725607.0
1077,2022-12-15,12981432.0,200998967.0,241188684.0,117849531.0,13402376.0,65746907.0
1078,2022-12-16,12982193.0,203017480.0,241355840.0,118307028.0,13402504.0,65875182.0
1079,2022-12-17,12983253.0,205554279.0,241521796.0,118338339.0,13402509.0,65949943.0
1080,2022-12-18,12984050.0,208870247.0,241633265.0,118352350.0,13442285.0,66102415.0
1081,2022-12-19,12986615.0,213043039.0,241763826.0,118359689.0,13442286.0,66137457.0
1082,2022-12-20,12987056.0,218428952.0,241862036.0,118362875.0,13551722.0,66156263.0
1083,2022-12-21,12987821.0,224636501.0,242058579.0,118371807.0,13552605.0,66204916.0
1084,2022-12-22,12988377.0,231338059.0,242220248.0,118383220.0,13552690.0,66277082.0
1085,2022-12-23,12990883.0,238551950.0,242369470.0,118908292.0,13552889.0,66333107.0
1086,2022-12-24,12991553.0,245131465.0,242521257.0,118936431.0,13552925.0,66403609.0
1087,2022-12-25,12994421.0,251013386.0,242617490.0,118948835.0,13553126.0,66523165.0
1088,2022-12-26,12995108.0,255812522.0,242723047.0,118952480.0,13553162.0,66532477.0
1089,2022-12-27,12995530.0,260653344.0,242757766.0,118953568.0,13553214.0,66537518.0
1090,2022-12-28,12996117.0,265319340.0,242874959.0,118962487.0,13583215.0,66606841.0
1091,2022-12-29,12997042.0,268929006.0,243002380.0,118977445.0,13583285.0,66653024.0
1092,2022-12-30,12999431.0,272120591.0,243115574.0,119379344.0,13583429.0,66709439.0
1093,2022-12-31,12999907.0,274768133.0,243231810.0,119406164.0,13583608.0,66767373.0
1094,2023-01-01,13001367.0,277102310.0,243307805.0,119416471.0,13583842.0,66887217.0
1095,2023-01-02,13002760.0,278823867.0,243411554.0,119419580.0,13583959.0,66898000.0
1096,2023-01-03,13003023.0,280270506.0,243472387.0,119420828.0,13583977.0,66902170.0
1097,2023-01-04,13003486.0,281809055.0,243582309.0,119429743.0,13584162.0,66935670.0
1098,2023-01-05,13003942.0,283233209.0,243664822.0,119439032.0,13584284.0,66968823.0
1099,2023-01-06,13006471.0,284513873.0,243738082.0,119923616.0,13584317.0,67010737.0
1100,2023-01-07,13007142.0,285681432.0,243806112.0,119950122.0,13584364.0,67057385.0
1101,2023-01-08,13008733.0,286674072.0,243837287.0,119957174.0,13584472.0,67138185.0
1102,2023-01-09,13010499.0,287415233.0,243932769.0,119963051.0,13626254.0,67156742.0
1103,2023-01-10,13010732.0,287982345.0,243982579.0,119966833.0,13627510.0,67162367.0
1104,2023-01-11,13011132.0,288526330.0,244057417.0,119975131.0,13819466.0,67187311.0
1105,2023-01-12,13011381.0,289083003.0,244111478.0,119982934.0,13819482.0,67234625.0
1106,2023-01-13,13013792.0,289588977.0,244159663.0,120438003.0,13819534.0,67265649.0
1107,2023-01-14,13014115.0,290006064.0,244217797.0,120467054.0,13819942.0,67291736.0
1108,2023-01-15,13016182.0,290374182.0,244245871.0,120479478.0,13819957.0,67324574.0
1109,2023-01-16,13018471.0,290642630.0,244323232.0,120483366.0,13837384.0,67355500.0
1110,2023-01-17,13019240.0,290855676.0,244357123.0,120485670.0,13837411.0,67361608.0
1111,2023-01-18,13022594.0,291157423.0,244407584.0,120492759.0,13867533.0,67377198.0
1112,2023-01-19,13023601.0,291423233.0,244448246.0,120499522.0,13867611.0,67406026.0
1113,2023-01-20,13025525.0,291643246.0,244486216.0,120814583.0,13867627.0,67428494.0
1114,2023-01-21,13026232.0,291842006.0,244531924.0,120839946.0,13867638.0,67457590.0
1115,2023-01-22,13027206.0,292017532.0,244559826.0,120847119.0,13867639.0,67488437.0
1116,2023-01-23,13029507.0,292139667.0,244617228.0,120850153.0,13867986.0,67495978.0
1117,2023-01-24,13030679.0,292213342.0,244650357.0,120852294.0,13880376.0,67498198.0
1118,2023-01-25,13030949.0,292344291.0,244699015.0,120858389.0,13902581.0,67513222.0
1119,2023-01-26,13031780.0,292481142.0,244742120.0,120865348.0,13902616.0,67537124.0
1120,2023-01-27,13032106.0,292592511.0,244784786.0,121166992.0,13902680.0,67559434.0
1121,2023-01-28,13033408.0,292697425.0,244830281.0,121187974.0,13902697.0,67574100.0
1122,2023-01-29,13035428.0,292801145.0,244861063.0,121193823.0,13902715.0,67595694.0
1123,2023-01-30,13036213.0,292884358.0,244908413.0,121196459.0,13912153.0,67600519.0
1124,2023-01-31,13036447.0,292951719.0,244947067.0,121198390.0,13912210.0,67602630.0
1125,2023-02-01,13037777.0,293055077.0,245003107.0,121203866.0,13930654.0,67617591.0
1126,2023-02-02,13038206.0,293162689.0,245052179.0,121209583.0,13930682.0,67638040.0
1127,2023-02-03,13039144.0,293253503.0,245099234.0,121500107.0,13930734.0,67654070.0
1128,2023-02-04,13039399.0,293336715.0,245150999.0,121519283.0,13930735.0,67677102.0
1129,2023-02-05,13041360.0,293414738.0,245184548.0,121524120.0,13930735.0,67692736.0
1130,2023-02-06,13042789.0,293479226.0,245229077.0,121526260.0,13930888.0,67696173.0
1131,2023-02-07,13043003.0,293530758.0,245272035.0,121527525.0,13938506.0,67698239.0
1132,2023-02-08,13043338.0,293620095.0,245329273.0,121529429.0,13955282.0,67709270.0
1133,2023-02-09,13043559.0,293703628.0,245381776.0,121535946.0,13955317.0,67721834.0
1134,2023-02-10,13043779.0,293774189.0,245431628.0,121819447.0,13955358.0,67744008.0
1135,2023-02-11,13043996.0,293837963.0,245487398.0,121838882.0,13955371.0,67755962.0
1136,2023-02-12,13046022.0,293901523.0,245524977.0,121843965.0,13955530.0,67773587.0
1137,2023-02-13,13047180.0,293933013.0,245571518.0,121846377.0,13962965.0,67777555.0
1138,2023-02-14,13047371.0,293976592.0,245622898.0,121847757.0,13963134.0,67779117.0
1139,2023-02-15,13047656.0,294046809.0,245688558.0,121852480.0,13999393.0,67800845.0
1140,2023-02-16,13047837.0,294110437.0,245749957.0,121856824.0,13999415.0,67803771.0
1141,2023-02-17,13047975.0,294162645.0,245809231.0,122115541.0,13999430.0,67813288.0
1142,2023-02-18,13048260.0,294194169.0,245871332.0,122134811.0,13999440.0,67825697.0
1143,2023-02-19,13049938.0,294258441.0,245917017.0,122139375.0,13999440.0,67846750.0
1144,2023-02-20,13050785.0,294295501.0,245970683.0,122141403.0,14006769.0,67850182.0
1145,2023-02-21,13050853.0,294329249.0,246026161.0,122142873.0,14006770.0,67852434.0
1146,2023-02-22,13051149.0,294381661.0,246097058.0,122147197.0,14025238.0,67854198.0
1147,2023-02-23,13051265.0,294430197.0,246165367.0,122152134.0,14025243.0,67858445.0
1148,2023-02-24,13051347.0,294472716.0,246232428.0,122156612.0,14025270.0,67866909.0
1149,2023-02-25,13051524.0,294491100.0,246297205.0,122442660.0,14025274.0,67882087.0
1150,2023-02-26,13052858.0,294522392.0,246341670.0,122446745.0,14025529.0,67897609.0
1151,2023-02-27,13053714.0,294581753.0,246397427.0,122448586.0,14033494.0,67903193.0
1152,2023-02-28,13053814.0,294608857.0,246461396.0,122449843.0,14033506.0,67905869.0
1153,2023-03-01,13054347.0,294648404.0,246532131.0,122454241.0,14033559.0,67921237.0
1154,2023-03-02,13054437.0,294685732.0,246594500.0,122459003.0,14033567.0,67939525.0
1155,2023-03-03,13054549.0,294724524.0,246647357.0,122468774.0,14033579.0,67954042.0
1156,2023-03-04,13054748.0,294748583.0,246700607.0,122709579.0,14033752.0,67960706.0
1157,2023-03-05,13059172.0,294796212.0,246745023.0,122713707.0,14033752.0,67974509.0
1158,2023-03-06,13059464.0,294823303.0,246787840.0,122715162.0,14043808.0,67977345.0
1159,2023-03-07,13059546.0,294851599.0,246839319.0,122716159.0,14043813.0,67979512.0
1160,2023-03-08,13059688.0,294889293.0,246897611.0,122720453.0,14043822.0,67981970.0
1161,2023-03-09,13059901.0,294925863.0,246948763.0,122725047.0,14043823.0,67985889.0
1162,2023-03-10,13059986.0,294958702.0,246993958.0,122728795.0,14043846.0,67991105.0
1163,2023-03-11,13060133.0,294985469.0,247039688.0,122916366.0,14043858.0,68004752.0
1164,2023-03-12,13062705.0,295024417.0,247075965.0,122918962.0,14043858.0,68008723.0
1165,2023-03-13,13062909.0,295048552.0,247098981.0,122919582.0,14053998.0,68012726.0
1166,2023-03-14,13062977.0,295073163.0,247146923.0,122920145.0,14054001.0,68015781.0
1167,2023-03-15,13063184.0,295108722.0,247725829.0,122920834.0,14054025.0,68018756.0
